_id,originalName,__v,imageUrl,isAssigned
69836883746cd99ed79dd6ca,120px-Bankim_Chandra_Chatterjee_1969_stamp_of_India.jpg,0,https://res.cloudinary.com/dvsdithxh/image/upload/v1770219650/stamp_registry/q8ocppqpjjotqvgaevev.jpg,false
69836884746cd99ed79dd6cb,bal.jpg,0,https://res.cloudinary.com/dvsdithxh/image/upload/v1770219652/stamp_registry/ua622ygobemmyoz8zwto.jpg,false
69836886746cd99ed79dd6cc,bal69.jpeg,0,https://res.cloudinary.com/dvsdithxh/image/upload/v1770219653/stamp_registry/h2ifdbin9dcq9k84r7bo.jpg,true
6983689c746cd99ed79dd6cd,main01.png,0,https://res.cloudinary.com/dvsdithxh/image/upload/v1770219675/stamp_registry/bftyzlbmekhwofgvfcwz.png,true
6983689d746cd99ed79dd6ce,main02.png,0,https://res.cloudinary.com/dvsdithxh/image/upload/v1770219677/stamp_registry/mmwhiqawsexrrszwpth0.png,true
698368aa746cd99ed79dd6cf,main03.png,0,https://res.cloudinary.com/dvsdithxh/image/upload/v1770219689/stamp_registry/gdqehyy2lqc5dbxnlwcp.png,true
698368ca746cd99ed79dd6d0,main04.png,0,https://res.cloudinary.com/dvsdithxh/image/upload/v1770219721/stamp_registry/ocudmblbrky5o6xsynll.png,true
698368cb746cd99ed79dd6d1,mem.png,0,https://res.cloudinary.com/dvsdithxh/image/upload/v1770219723/stamp_registry/awguifflcxtluz0pjlbu.png,false
69846f66746cd99ed79dde65,stripe_logo.png,0,"https://res.cloudinary.com/dvsdithxh/image/upload/f_auto,q_auto/v1770286949/stamp_registry/koyzq3m3xtodyjmgnmpn.png",false
69849e0b746cd99ed79de32a,#BK01 - Jay Hind - Indian Independence - Block of Four - India MNH - 21 Nov 1947 - Buy India Stamps - PhilaBasket (1).jpg,0,"https://res.cloudinary.com/dvsdithxh/image/upload/f_auto,q_auto/v1770460173/stamp_registry/dgm8t6c0xxcscxyplmeu.jpg",false
69849e0d746cd99ed79de32b,#BK02 - National Flag - Indian Independence - Block of Four - India MNH -  15 Dec 1947 - Buy India Stamps - PhilaBasket.com.jpg,0,"https://res.cloudinary.com/dvsdithxh/image/upload/f_auto,q_auto/v1770460175/stamp_registry/kyubw5lkxzevjes7wcts.jpg",false
69849e10746cd99ed79de32c,#BK02 - National Flag - Indian Independence - Block of Four - India MNH - 15 Dec 1947 - Buy India Stamps - PhilaBasket.com.jpg,0,"https://res.cloudinary.com/dvsdithxh/image/upload/f_auto,q_auto/v1770460177/stamp_registry/dtjyu5dbiwzvakjqh5ub.jpg",false
69849e12746cd99ed79de32d,#BK03 - Inauguration of Air India International - UK Air Service - Block of Four - India MNH - 29 May 1948 - Buy India Stamps - PhilaBasket.com (2).jpg,0,"https://res.cloudinary.com/dvsdithxh/image/upload/f_auto,q_auto/v1770460179/stamp_registry/lqvzzpxdtfuaqrdl4mnp.jpg",false
69849e15746cd99ed79de32e,#BK03 - Inauguration of Air India International - UK Air Service - Block of Four - India MNH - 29 May 1948 - Buy India Stamps - PhilaBasket.com.jpg,0,"https://res.cloudinary.com/dvsdithxh/image/upload/f_auto,q_auto/v1770460181/stamp_registry/wuoqzxooorgkkswj6ivf.jpg",false
69849e17746cd99ed79de32f,"#BK04 - First Anniversary of Independence, Mahatma Gandhi Mourning Issue - Block of Four - India MNH - 15 Aug 1948 - Buy India Stamps - PhilaBasket (1).jpg",0,"https://res.cloudinary.com/dvsdithxh/image/upload/f_auto,q_auto/v1770460183/stamp_registry/yil4837uky1fgu8wqcvc.jpg",false
69849e19746cd99ed79de330,"#BK04 - First Anniversary of Independence, Mahatma Gandhi Mourning Issue - Block of Four - India MNH - 15 Aug 1948 - Buy India Stamps - PhilaBasket (2).jpg",0,"https://res.cloudinary.com/dvsdithxh/image/upload/f_auto,q_auto/v1770460185/stamp_registry/vg5astjosrbtghktazgj.jpg",false
69849e1b746cd99ed79de331,"#BK04 - First Anniversary of Independence, Mahatma Gandhi Mourning Issue - Block of Four - India MNH - 15 Aug 1948 - Buy India Stamps - PhilaBasket (3).jpg",0,"https://res.cloudinary.com/dvsdithxh/image/upload/f_auto,q_auto/v1770460186/stamp_registry/lcqrzpk7rl83q37qclql.jpg",false
69849e1e746cd99ed79de332,"#BK04 - First Anniversary of Independence, Mahatma Gandhi Mourning Issue - Block of Four - India MNH - 15 Aug 1948 - Buy India Stamps - PhilaBasket (4).jpg",0,"https://res.cloudinary.com/dvsdithxh/image/upload/f_auto,q_auto/v1770460188/stamp_registry/gt8n0qx9yiogr26jczub.jpg",false
69849e21746cd99ed79de333,"#BK04 - First Anniversary of Independence, Mahatma Gandhi Mourning Issue - Block of Four - India MNH - 15 Aug 1948 - Buy India Stamps - PhilaBasket (5).jpg",0,"https://res.cloudinary.com/dvsdithxh/image/upload/f_auto,q_auto/v1770460191/stamp_registry/vlqfreu6yveuqpjydyqk.jpg",false
69849e25746cd99ed79de334,"#BK04 - First Anniversary of Independence, Mahatma Gandhi Mourning Issue - Block of Four - India MNH - 15 Aug 1948 - Buy India Stamps - PhilaBasket (6).jpg",0,"https://res.cloudinary.com/dvsdithxh/image/upload/f_auto,q_auto/v1770460193/stamp_registry/skz2z1okbovvnhmcwhkz.jpg",false
69849e29746cd99ed79de335,"#BK04 - First Anniversary of Independence, Mahatma Gandhi Mourning Issue - Block of Four - India MNH - 15 Aug 1948 - Buy India Stamps - PhilaBasket (7).jpg",0,"https://res.cloudinary.com/dvsdithxh/image/upload/f_auto,q_auto/v1770460196/stamp_registry/pwdlhai36yp8kcsgz851.jpg",false
69849e2c746cd99ed79de336,"#BK04 - First Anniversary of Independence, Mahatma Gandhi Mourning Issue - Block of Four - India MNH - 15 Aug 1948 - Buy India Stamps - PhilaBasket (8).jpg",0,"https://res.cloudinary.com/dvsdithxh/image/upload/f_auto,q_auto/v1770460198/stamp_registry/pttulbembgn59wq8ngd6.jpg",false
69849e2e746cd99ed79de337,"#BK04 - First Anniversary of Independence, Mahatma Gandhi Mourning Issue - Block of Four - India MNH - 15 Aug 1948 - Buy India Stamps - PhilaBasket (9).jpg",0,"https://res.cloudinary.com/dvsdithxh/image/upload/f_auto,q_auto/v1770460200/stamp_registry/n8guqeweyynigf0u4sym.jpg",false
69849e32746cd99ed79de338,"#BK04 - First Anniversary of Independence, Mahatma Gandhi Mourning Issue - Block of Four - India MNH - 15 Aug 1948 - Buy India Stamps - PhilaBasket (10).jpg",0,"https://res.cloudinary.com/dvsdithxh/image/upload/f_auto,q_auto/v1770460202/stamp_registry/khtqli0ewwstwaavakj7.jpg",false
69849e34746cd99ed79de339,"#BK04 - First Anniversary of Independence, Mahatma Gandhi Mourning Issue - Block of Four - India MNH - 15 Aug 1948 - Buy India Stamps - PhilaBasket (11).jpg",0,"https://res.cloudinary.com/dvsdithxh/image/upload/f_auto,q_auto/v1770298931/stamp_registry/aigszygqxn5wsg1w2zkx.jpg",false
69849e36746cd99ed79de33a,#BK05 - 75th Anniversary of Universal Postal Union - Block of Four - India MNH - 10 Oct 1949 - Buy India Stamps - PhilaBasket.com (2).jpg,0,"https://res.cloudinary.com/dvsdithxh/image/upload/f_auto,q_auto/v1770460204/stamp_registry/rokd0uznc2s3qihkp3la.jpg",false
69849e39746cd99ed79de33b,#BK05 - 75th Anniversary of Universal Postal Union - Block of Four - India MNH - 10 Oct 1949 - Buy India Stamps - PhilaBasket.com.jpg,0,"https://res.cloudinary.com/dvsdithxh/image/upload/f_auto,q_auto/v1770460206/stamp_registry/fy91cv7apa7fi6q8ajlo.jpg",false
69849e3c746cd99ed79de33c,#BK06 - Inauguration of Republic of India - Block of Four - India MNH - 26 Jan 1950 - Buy India Stamps - PhilaBasket (1).jpg,0,"https://res.cloudinary.com/dvsdithxh/image/upload/f_auto,q_auto/v1770460209/stamp_registry/brssr0oaaiyax6rtm5bm.jpg",false
69849e3e746cd99ed79de33d,#BK06 - Inauguration of Republic of India - Block of Four - India MNH - 26 Jan 1950 - Buy India Stamps - PhilaBasket (2).jpg,0,"https://res.cloudinary.com/dvsdithxh/image/upload/f_auto,q_auto/v1770460211/stamp_registry/fwqqr8hkozodm7bbrgr6.jpg",false
69849e40746cd99ed79de33e,#BK06 - Inauguration of Republic of India - Block of Four - India MNH - 26 Jan 1950 - Buy India Stamps - PhilaBasket.com.jpg,0,"https://res.cloudinary.com/dvsdithxh/image/upload/f_auto,q_auto/v1770460213/stamp_registry/a2txt69osqwondrdsaqc.jpg",false
69849e43746cd99ed79de33f,#BK07 - Geological Survey of India - Block of Four - India MNH - 13 Jan 1951 - Buy India Stamps - PhilaBasket.com (2).jpg,0,"https://res.cloudinary.com/dvsdithxh/image/upload/f_auto,q_auto/v1770460215/stamp_registry/wkshrvzul5w1j5ejtkeq.jpg",false
69849e46746cd99ed79de340,#BK07 - Geological Survey of India - Block of Four - India MNH - 13 Jan 1951 - Buy India Stamps - PhilaBasket.com (3).jpg,0,"https://res.cloudinary.com/dvsdithxh/image/upload/f_auto,q_auto/v1770460218/stamp_registry/ch8kwyczqwtbgvjjf063.jpg",false
69849e48746cd99ed79de341,#BK07 - Geological Survey of India - Block of Four - India MNH - 13 Jan 1951 - Buy India Stamps - PhilaBasket.com.jpg,0,"https://res.cloudinary.com/dvsdithxh/image/upload/f_auto,q_auto/v1770298951/stamp_registry/vkugekanhqx7tmgwoohf.jpg",true
69849e4a746cd99ed79de342,#BK08 - First Asian Games - Block of Four - India MNH - 04 Mar 1951 - Buy India Stamps - PhilaBasket.com (2).jpg,0,"https://res.cloudinary.com/dvsdithxh/image/upload/f_auto,q_auto/v1770460219/stamp_registry/dcldif9ynu8ozf6rue4f.jpg",false
69849e4c746cd99ed79de343,#BK08 - First Asian Games - Block of Four - India MNH - 04 Mar 1951 - Buy India Stamps - PhilaBasket.com (3).jpg,0,"https://res.cloudinary.com/dvsdithxh/image/upload/f_auto,q_auto/v1770460221/stamp_registry/gy3vyvwicnczrzofhswv.jpg",false
69849e4e746cd99ed79de344,#BK08 - First Asian Games - Block of Four - India MNH - 04 Mar 1951 - Buy India Stamps - PhilaBasket.com.jpg,0,"https://res.cloudinary.com/dvsdithxh/image/upload/f_auto,q_auto/v1770460223/stamp_registry/cm33bteesejd93kvqsp4.jpg",false
69849e53746cd99ed79de345,"#BK09 - Indian Saints and Poets - Kabir das, Surdas, Tulsidas, Meera, Galib, RavindraNath Tagore - Block of Four - India MNH - 01 Oct 1952 - Buy India Stamps - PhilaBasket.com.jpg",0,"https://res.cloudinary.com/dvsdithxh/image/upload/f_auto,q_auto/v1770460226/stamp_registry/myhuzlbnscu0yrillg4c.jpg",false
69849e55746cd99ed79de346,"#BK10 - Saints and poets - (Kabir, Tulsidas, MiraBai, Surdas, Mirza Galib, Rabindranath Tagore) - Block of four (Set of 6)Stamps India MNH - 1952 -Buy India Stamp - PhilaBasket.Com.jpg.jpg",0,"https://res.cloudinary.com/dvsdithxh/image/upload/f_auto,q_auto/v1770460228/stamp_registry/fo5bl3ctxmpiau0sk6kr.jpg",false
69849e57746cd99ed79de347,#BK11 - Railway Centenary- Block of four Stamps India MNH - 1953 -Buy India Stamp - PhilaBasket.Com.jpg.jpg,0,"https://res.cloudinary.com/dvsdithxh/image/upload/f_auto,q_auto/v1770460230/stamp_registry/fj6tlupjywmaexgqesjb.jpg",false
69849e58746cd99ed79de348,#BK12 - Conquest of Mount Everest - Block of four (Set of 2)Stamps India MNH - 1953 -Buy India Stamp - PhilaBasket.Com.jpg.jpg,0,"https://res.cloudinary.com/dvsdithxh/image/upload/f_auto,q_auto/v1770460231/stamp_registry/h0fqfp88ytkhnvshmauf.jpg",false
69849e5b746cd99ed79de349,#BK13 - Telegraph Centenary - Block of four (Set of 2)Stamps India MNH - 1953 -Buy India Stamp - PhilaBasket.Com.jpg.jpg,0,"https://res.cloudinary.com/dvsdithxh/image/upload/f_auto,q_auto/v1770460234/stamp_registry/vcaotwswbqgoml2u58oh.jpg",false
69849e5e746cd99ed79de34a,#BK14-~1.JPG,0,"https://res.cloudinary.com/dvsdithxh/image/upload/f_auto,q_auto/v1770460236/stamp_registry/xkagbh7ygrecuzvtozob.jpg",false
69849e62746cd99ed79de34b,#BK14 - United Nations Day - Block of Four - India MNH - 24 Oct 1954 - Buy India Stamps - PhilaBasket.com.jpg,0,"https://res.cloudinary.com/dvsdithxh/image/upload/f_auto,q_auto/v1770460238/stamp_registry/nawnlqkdnt9qbygvpjfk.jpg",false
69849e65746cd99ed79de34c,"#BK15 - 4th World Forestry Congress, Dehradun 1954 - Block of Four - India MNH - 11 Dec 1954 - Buy India Stamps - PhilaBasket.com.jpg",0,"https://res.cloudinary.com/dvsdithxh/image/upload/f_auto,q_auto/v1770460241/stamp_registry/upinkx0sdqecojahe5zy.jpg",false
69849e68746cd99ed79de34d,#BK15 - United Nations Day- Block of four Stamps India MNH - 1954 -Buy India Stamp - PhilaBasket.Com.jpg.jpg,0,"https://res.cloudinary.com/dvsdithxh/image/upload/f_auto,q_auto/v1770298983/stamp_registry/tjunlrqslzwwc40yemhp.jpg",false
69849e6a746cd99ed79de34e,#BK16 - Forestry Congress-Dehra Dun- Block of four Stamps India MNH - 1954 -Buy India Stamp - PhilaBasket.Com.jpg.jpg,0,"https://res.cloudinary.com/dvsdithxh/image/upload/f_auto,q_auto/v1770298985/stamp_registry/adwny6lsxipnvy43udgw.jpg",false
69849e6d746cd99ed79de34f,#BK17 - 2500 Budha Jayanthi - (Round Parasol & Bodhi Tree )- Block of four (Set of 2)Stamps India MNH - 1956 -Buy India Stamp - PhilaBasket.com.jpg,0,"https://res.cloudinary.com/dvsdithxh/image/upload/f_auto,q_auto/v1770298988/stamp_registry/n3beez1kxltbw2lveeal.jpg",false
69849e6f746cd99ed79de350,#BK17 - 2500 Budha Jayanthi - (Round Parasol & Bodhi Tree )- Block of four (Set of 2)Stamps India MNH - 1956 -Buy India Stamp - PhilaBasket.Com.jpg.jpg,0,"https://res.cloudinary.com/dvsdithxh/image/upload/f_auto,q_auto/v1770298990/stamp_registry/vziomvdldjhu9wgzwqum.jpg",false
69849e70746cd99ed79de351,#BK17 - Bal GangaDhar Tilak - Block of Four - India MNH - 23 Jul 1956 - Buy India Stamps - PhilaBasket.com.jpg,0,"https://res.cloudinary.com/dvsdithxh/image/upload/f_auto,q_auto/v1770298992/stamp_registry/uwz5ncerqk8c5x3lnbp3.jpg",true
69849e73746cd99ed79de352,"#BK18 - Centenary of Sepoy Mutiny, Rani of Jhansi & Leaping Flames - Block of Four - India MNH - 15 Aug 1957 - Buy India Stamps - PhilaBasket.com (2).jpg",0,"https://res.cloudinary.com/dvsdithxh/image/upload/f_auto,q_auto/v1770298994/stamp_registry/mp8v3vacv9yt8vqk3f8v.jpg",false
69849e76746cd99ed79de353,"#BK18 - Centenary of Sepoy Mutiny, Rani of Jhansi & Leaping Flames - Block of Four - India MNH - 15 Aug 1957 - Buy India Stamps - PhilaBasket.com (3).jpg",0,"https://res.cloudinary.com/dvsdithxh/image/upload/f_auto,q_auto/v1770298997/stamp_registry/rhvafownbhtgk4oxjeus.jpg",false
69849e78746cd99ed79de354,"#BK18 - Centenary of Sepoy Mutiny, Rani of Jhansi & Leaping Flames - Block of Four - India MNH - 15 Aug 1957 - Buy India Stamps - PhilaBasket.com.jpg",0,"https://res.cloudinary.com/dvsdithxh/image/upload/f_auto,q_auto/v1770298999/stamp_registry/nj5t47iinhurth4l0cp5.jpg",true
69849e7a746cd99ed79de355,#BK20 - Red Cross- Block of four Stamps India MNH - 1957 -Buy India Stamp - PhilaBasket.Com.jpg.jpg,0,"https://res.cloudinary.com/dvsdithxh/image/upload/f_auto,q_auto/v1770299002/stamp_registry/tfqk54hwfmabci9wardt.jpg",false
69849e7c746cd99ed79de356,"#BK21 - Childrens Day - (Boy eating banana, Girl writing on a slate, Toy Horse)- Block of four (Set of 3)Stamps India MNH - 1957 -Buy India Stamp - PhilaBasket.Com (1).jpg",0,"https://res.cloudinary.com/dvsdithxh/image/upload/f_auto,q_auto/v1770299003/stamp_registry/lm6yviriddqk1w7gme4f.jpg",false
69849e7e746cd99ed79de357,"#BK21 - Childrens Day - (Boy eating banana, Girl writing on a slate, Toy Horse)- Block of four (Set of 3)Stamps India MNH - 1957 -Buy India Stamp - PhilaBasket.Com (2).jpg",0,"https://res.cloudinary.com/dvsdithxh/image/upload/f_auto,q_auto/v1770299005/stamp_registry/smnfukd4ckrlpxhsig64.jpg",false
69849e80746cd99ed79de358,"#BK22 - Universities Centenary - (Bombay, Calcutta , Madras)- Block of four (Set of 3)Stamps India MNH - 1957 -Buy India Stamp - PhilaBasket.Com.jpg.jpg",0,"https://res.cloudinary.com/dvsdithxh/image/upload/f_auto,q_auto/v1770299007/stamp_registry/gcilmjboxr78y02p2uzg.jpg",false
69849e82746cd99ed79de359,#BK25 - IAF Silver Jubilee- Block of four (Set of 2)Stamps India MNH - 1958 -Buy India Stamp - PhilaBasket.Com.jpg.jpg,0,"https://res.cloudinary.com/dvsdithxh/image/upload/f_auto,q_auto/v1770299009/stamp_registry/ooymm8itfdnof25yzgd2.jpg",false
69849e84746cd99ed79de35a,#BK26 - B. C. Pal- Block of four Stamps India MNH - 1958 -Buy India Stamp - PhilaBasket.Com.jpg.jpg,0,"https://res.cloudinary.com/dvsdithxh/image/upload/f_auto,q_auto/v1770299012/stamp_registry/mmbuflfld8pexjjdnekl.jpg",false
69849e86746cd99ed79de35b,#BK31 - Childrens Day - Block of Four - India MNH - 14 Nov 1959 - Buy India Stamps - PhilaBasket.com (2).jpg,0,"https://res.cloudinary.com/dvsdithxh/image/upload/f_auto,q_auto/v1770299014/stamp_registry/mx7a2d0i1tbm88ooouhy.jpg",false
69849e89746cd99ed79de35c,#BK31 - Childrens Day - Block of Four - India MNH - 14 Nov 1959 - Buy India Stamps - PhilaBasket.com (3).jpg,0,"https://res.cloudinary.com/dvsdithxh/image/upload/f_auto,q_auto/v1770299016/stamp_registry/m7rz1qbksc9gpoy8jit5.jpg",false
69849e8b746cd99ed79de35d,#BK31 - Childrens Day - Block of Four - India MNH - 14 Nov 1959 - Buy India Stamps - PhilaBasket.com.jpg,0,"https://res.cloudinary.com/dvsdithxh/image/upload/f_auto,q_auto/v1770299018/stamp_registry/z7mxuyoswjlf5kugnvhy.jpg",true
69849e8d746cd99ed79de35e,#BK31 - International Labour Organisation- Block of four Stamps India MNH - 1959 -Buy India Stamp - PhilaBasket.Com.jpg.jpg,0,"https://res.cloudinary.com/dvsdithxh/image/upload/f_auto,q_auto/v1770299020/stamp_registry/grjt2sshur93qdtq0wuj.jpg",false
69849e8f746cd99ed79de35f,#BK32 - Childrens Day- Block of four Stamps India MNH - 1959 -Buy India Stamp - PhilaBasket.Com.jpg.jpg,0,"https://res.cloudinary.com/dvsdithxh/image/upload/f_auto,q_auto/v1770299022/stamp_registry/sqtvmzx8f6lja8f47xhi.jpg",false
69849e92746cd99ed79de360,#BK33 - Thiruvalluvar - Block of Four - India MNH - 15 Feb 1960 - Buy India Stamps - PhilaBasket.com (2).jpg,0,"https://res.cloudinary.com/dvsdithxh/image/upload/f_auto,q_auto/v1770299025/stamp_registry/dcncgukxzp322uxhtyyq.jpg",false
69849e93746cd99ed79de361,#BK33 - Thiruvalluvar - Block of Four - India MNH - 15 Feb 1960 - Buy India Stamps - PhilaBasket.com.jpg,0,"https://res.cloudinary.com/dvsdithxh/image/upload/f_auto,q_auto/v1770299027/stamp_registry/nwdx2gbylxcjxomoupxo.jpg",true
69849e95746cd99ed79de362,#BK35 - Subramania Bharati - Block of Four - India MNH - 11 Sep 1960 - Buy India Stamps - PhilaBasket.com.jpg,0,"https://res.cloudinary.com/dvsdithxh/image/upload/f_auto,q_auto/v1770299029/stamp_registry/ufhrbgtbmw1ft9jhr93f.jpg",true
69849e97746cd99ed79de363,#BK37 - Dr. M. Visvesvaraya- Block of four Stamps India MNH - 1960 -Buy India Stamp - PhilaBasket.Com.jpg.jpg,0,"https://res.cloudinary.com/dvsdithxh/image/upload/f_auto,q_auto/v1770299030/stamp_registry/o8mogwknhvqebsb4dgoq.jpg",false
69849e99746cd99ed79de364,#BK39 - UNICEF Day- Block of four Stamps India MNH - 1960 -Buy India Stamp - PhilaBasket.Com.jpg.jpg,0,"https://res.cloudinary.com/dvsdithxh/image/upload/f_auto,q_auto/v1770299032/stamp_registry/tlymjsvgx5xjvqtlmwpg.jpg",false
69849e9b746cd99ed79de368,"#BK40 - 50th Anniversary of First Flight official airmail Flight, Allahabad to Naini - Block of Four - India MNH - 18 Feb 1961 - Buy India Stamps - PhilaBasket.com (2).jpg",0,"https://res.cloudinary.com/dvsdithxh/image/upload/f_auto,q_auto/v1770299034/stamp_registry/rfyij0ghyg2gvip7fxic.jpg",false
69849e9e746cd99ed79de369,"#BK40 - 50th Anniversary of First Flight official airmail Flight, Allahabad to Naini - Block of Four - India MNH - 18 Feb 1961 - Buy India Stamps - PhilaBasket.com.jpg",0,"https://res.cloudinary.com/dvsdithxh/image/upload/f_auto,q_auto/v1770299037/stamp_registry/hf2wzetmpulljredul2l.jpg",true
69849e9f746cd99ed79de36a,#BK40 - Tyagaraja- Block of four Stamps India MNH - 1961 -Buy India Stamp - PhilaBasket.Com.jpg.jpg,0,"https://res.cloudinary.com/dvsdithxh/image/upload/f_auto,q_auto/v1770299039/stamp_registry/tvyy9jr25fhaysgokoat.jpg",false
69849ea1746cd99ed79de36b,#BK41-~1.JPG,0,"https://res.cloudinary.com/dvsdithxh/image/upload/f_auto,q_auto/v1770299040/stamp_registry/yh3ykfwy3cw0ynlzxm23.jpg",false
69849ea3746cd99ed79de36c,#BK41-~2.JPG,0,"https://res.cloudinary.com/dvsdithxh/image/upload/f_auto,q_auto/v1770299043/stamp_registry/hf8j4hd66we6vz7ey7c8.jpg",false
69849ea5746cd99ed79de36d,#BK41-~3.JPG,0,"https://res.cloudinary.com/dvsdithxh/image/upload/f_auto,q_auto/v1770299044/stamp_registry/hno7uqmkvksiolkoldbr.jpg",false
69849eaa746cd99ed79de370,#BK41 - Shivaji - Block of Four - India MNH - 17 Apr 1961 - Buy India Stamps - PhilaBasket (1).jpeg,0,"https://res.cloudinary.com/dvsdithxh/image/upload/f_auto,q_auto/v1770299048/stamp_registry/eci0lrvynzkbvg7lhgpt.jpg",false
69849ead746cd99ed79de371,#BK41 - Shivaji - Block of Four - India MNH - 17 Apr 1961 - Buy India Stamps - PhilaBasket (1).jpg,0,"https://res.cloudinary.com/dvsdithxh/image/upload/f_auto,q_auto/v1770299052/stamp_registry/fksboljsredxw7hu4w9w.jpg",false
69849eaf746cd99ed79de372,#BK41 - Shivaji - Block of Four - India MNH - 17 Apr 1961 - Buy India Stamps - PhilaBasket (2).jpg,0,"https://res.cloudinary.com/dvsdithxh/image/upload/f_auto,q_auto/v1770299054/stamp_registry/dn8pxmyzfaf7fas1hjvh.jpg",false
69849eb1746cd99ed79de373,#BK41 - Shivaji - Block of Four - India MNH - 17 Apr 1961 - Buy India Stamps - PhilaBasket (3).jpg,0,"https://res.cloudinary.com/dvsdithxh/image/upload/f_auto,q_auto/v1770299056/stamp_registry/usx3hkq2f88kj6fvaxuw.jpg",false
69849eb3746cd99ed79de374,#BK41 - Shivaji - Block of Four - India MNH - 17 Apr 1961 - Buy India Stamps - PhilaBasket.com.jpg,0,"https://res.cloudinary.com/dvsdithxh/image/upload/f_auto,q_auto/v1770299058/stamp_registry/lr1wiorhjshn4ci94lgn.jpg",true
69849eb5746cd99ed79de375,#BK43 - Motilal Nehru- Block of four Stamps India MNH - 1961 -Buy India Stamp - PhilaBasket.Com.jpg.jpg,0,"https://res.cloudinary.com/dvsdithxh/image/upload/f_auto,q_auto/v1770299060/stamp_registry/xd9pgx7vda8vheplhhlz.jpg",false
69849eb7746cd99ed79de376,#BK46 - Prafulla Chandra Ray- Block of four Stamps India MNH - 1961 -Buy India Stamp - PhilaBasket.Com.jpg.jpg,0,"https://res.cloudinary.com/dvsdithxh/image/upload/f_auto,q_auto/v1770299062/stamp_registry/lvfgylyc23gu3p28seff.jpg",false
69849eb9746cd99ed79de377,#BK49 - Indian Industries Fair- Block of four Stamps India MNH - 1961 -Buy India Stamp - PhilaBasket.Com.jpg.jpg,0,"https://res.cloudinary.com/dvsdithxh/image/upload/f_auto,q_auto/v1770299065/stamp_registry/syixrxdnscfwxsgw6nxu.jpg",false
69849ebb746cd99ed79de378,#BK54 - Bhikaiji cama- Block of four Stamps India MNH - 1962 -Buy India Stamp - PhilaBasket.Com.jpg.jpg,0,"https://res.cloudinary.com/dvsdithxh/image/upload/f_auto,q_auto/v1770299066/stamp_registry/etvdmouyuubdjju03du1.jpg",false
69849ebc746cd99ed79de37a,#BK58 - Malaria Eradication- Block of four Stamps India MNH - 1962 -Buy India Stamp - PhilaBasket.Com.jpg.jpg,0,"https://res.cloudinary.com/dvsdithxh/image/upload/f_auto,q_auto/v1770299068/stamp_registry/qbsjag3qcfzprk3wcsyh.jpg",false
69849ebe746cd99ed79de37c,"#BK60 - High Courts Centenary - (Calcutta, Madras, Bombay)- Block of four (Set of 3)Stamps India MNH - 1962 -Buy India Stamp - PhilaBasket.Com.jpg.jpg",0,"https://res.cloudinary.com/dvsdithxh/image/upload/f_auto,q_auto/v1770299069/stamp_registry/yeqzj3odvcebok5pnexx.jpg",false
69849ec1746cd99ed79de37d,#BK62 - Wild Life - Rhinoceros- Block of four Stamps India MNH - 1962 -Buy India Stamp - PhilaBasket.Com.jpg.jpg,0,"https://res.cloudinary.com/dvsdithxh/image/upload/f_auto,q_auto/v1770299072/stamp_registry/prkyye1qtlgzehbpnhil.jpg",false
69849ec3746cd99ed79de37e,#BK63 - Conserve Wild Life - Rhinoceros - Block of Four - India MNH - 01 Oct 1962 - Buy India Stamps - PhilaBasket.com (2).jpg,0,"https://res.cloudinary.com/dvsdithxh/image/upload/f_auto,q_auto/v1770299074/stamp_registry/ivx3l5f2m4luuzdcmw81.jpg",false
69849ec5746cd99ed79de37f,#BK63 - Conserve Wild Life - Rhinoceros - Block of Four - India MNH - 01 Oct 1962 - Buy India Stamps - PhilaBasket.com (3).jpg,0,"https://res.cloudinary.com/dvsdithxh/image/upload/f_auto,q_auto/v1770299076/stamp_registry/wqwpodzx0vkv63tqj3eu.jpg",false
69849ec8746cd99ed79de380,#BK63 - Conserve Wild Life - Rhinoceros - Block of Four - India MNH - 01 Oct 1962 - Buy India Stamps - PhilaBasket.com.jpg,0,"https://res.cloudinary.com/dvsdithxh/image/upload/f_auto,q_auto/v1770299079/stamp_registry/myzzwsphi5usnangmesa.jpg",true
69849eca746cd99ed79de381,#BK64 - Childrens Day 1962 - Block of Four - India MNH - 14 Nov 1962 - Buy India Stamps - PhilaBasket.com.jpg,0,"https://res.cloudinary.com/dvsdithxh/image/upload/f_auto,q_auto/v1770299081/stamp_registry/slwkkxfnji5cibx3tslr.jpg",true
69849ecc746cd99ed79de382,#BK67 - Kalidasa (428) overprint- Block of four  India MNH - 1963 -Buy India Stamp - PhilaBasket.Com.jpg.jpg,0,"https://res.cloudinary.com/dvsdithxh/image/upload/f_auto,q_auto/v1770299083/stamp_registry/ktbstu1o18wcnsy2576n.jpg",false
69849ed0746cd99ed79de383,#BK69 - Red Cross Centenary- Block of four Stamps India MNH - 1963 -Buy India Stamp - PhilaBasket.Com.jpg.jpg,0,"https://res.cloudinary.com/dvsdithxh/image/upload/f_auto,q_auto/v1770299086/stamp_registry/scrq5xrv9kkrjiyvhpsv.jpg",false
69849ed3746cd99ed79de384,"#BK70 - Defense Campaign - (Artillery and Helicopter, Sentry and Parachutists)- Block of four (Set of 2)Stamps India MNH - 1963 -Buy India Stamp - PhilaBasket.Com.jpg.jpg",0,"https://res.cloudinary.com/dvsdithxh/image/upload/f_auto,q_auto/v1770299089/stamp_registry/htigqmffzyrf1ewf2gpw.jpg",false
69849ed5746cd99ed79de385,#BK72 - Dr Annie Besant - Block of Four - India MNH - 01 Oct 1963 - Buy India Stamps - PhilaBasket (2).jpg,0,"https://res.cloudinary.com/dvsdithxh/image/upload/f_auto,q_auto/v1770299092/stamp_registry/ref9zetq2zdgg2jzy7ig.jpg",false
69849ed7746cd99ed79de386,#BK72 - Dr Annie Besant - Block of Four - India MNH - 01 Oct 1963 - Buy India Stamps - PhilaBasket (3).jpg,0,"https://res.cloudinary.com/dvsdithxh/image/upload/f_auto,q_auto/v1770299094/stamp_registry/lhzlg14ajoc7pkvb6zvm.jpg",false
69849ed9746cd99ed79de389,#BK72 - Dr Annie Besant - Block of Four - India MNH - 01 Oct 1963 - Buy India Stamps - PhilaBasket (4).jpg,0,"https://res.cloudinary.com/dvsdithxh/image/upload/f_auto,q_auto/v1770299096/stamp_registry/zaxxts2ncpgymh8kr48d.jpg",false
69849edc746cd99ed79de38a,#BK72 - Dr Annie Besant - Block of Four - India MNH - 01 Oct 1963 - Buy India Stamps - PhilaBasket (5).jpg,0,"https://res.cloudinary.com/dvsdithxh/image/upload/f_auto,q_auto/v1770299099/stamp_registry/kbezfctutyaooqxd77am.jpg",false
69849edd746cd99ed79de38b,#BK72 - Dr Annie Besant - Block of Four - India MNH - 01 Oct 1963 - Buy India Stamps - PhilaBasket.com.jpg,0,"https://res.cloudinary.com/dvsdithxh/image/upload/f_auto,q_auto/v1770299101/stamp_registry/rhqjbazu0p7bi6wa1bjd.jpg",true
69849ee0746cd99ed79de38c,"#BK73 - Wild Life -  (Gaur, Red Panda, Elephant, Tiger, Lion)- Block of four (Set of 5)Stamps India MNH - 1963 -Buy India Stamp - PhilaBasket (1).jpg",0,"https://res.cloudinary.com/dvsdithxh/image/upload/f_auto,q_auto/v1770299103/stamp_registry/lcsd0azkl9uonntysxhh.jpg",false
69849ee2746cd99ed79de38d,"#BK73 - Wild Life -  (Gaur, Red Panda, Elephant, Tiger, Lion)- Block of four (Set of 5)Stamps India MNH - 1963 -Buy India Stamp - PhilaBasket (2).jpg",0,"https://res.cloudinary.com/dvsdithxh/image/upload/f_auto,q_auto/v1770299105/stamp_registry/jygf9tcrmj3elaas4jso.jpg",false
69849ee4746cd99ed79de38e,"#BK73 - Wild Life -  (Gaur, Red Panda, Elephant, Tiger, Lion)- Block of four (Set of 5)Stamps India MNH - 1963 -Buy India Stamp - PhilaBasket.Com (1).jpg",0,"https://res.cloudinary.com/dvsdithxh/image/upload/f_auto,q_auto/v1770299107/stamp_registry/gfv3oa1jcziqgcnrxa3w.jpg",false
69849ee6746cd99ed79de38f,"#BK73 - Wild Life -  (Gaur, Red Panda, Elephant, Tiger, Lion)- Block of four (Set of 5)Stamps India MNH - 1963 -Buy India Stamp - PhilaBasket.Com (2).jpg",0,"https://res.cloudinary.com/dvsdithxh/image/upload/f_auto,q_auto/v1770299109/stamp_registry/ekytv0hgdfprbfbjwsnf.jpg",false
69849ee8746cd99ed79de390,"#BK73 - Wild Life -  (Gaur, Red Panda, Elephant, Tiger, Lion)- Block of four (Set of 5)Stamps India MNH - 1963 -Buy India Stamp - PhilaBasket.Com.jpg",0,"https://res.cloudinary.com/dvsdithxh/image/upload/f_auto,q_auto/v1770299112/stamp_registry/eyzj4lmhc1iz3dewohsf.jpg",false
69849eea746cd99ed79de391,#BK75 - Declaration of Human Rights- Block of four Stamps India MNH - 1963 -Buy India Stamp - PhilaBasket.Com.jpg.jpeg,0,"https://res.cloudinary.com/dvsdithxh/image/upload/f_auto,q_auto/v1770299113/stamp_registry/teoyetvgxwyeziweklpx.jpg",false
69849eed746cd99ed79de394,"#BK76 - International Congress of Orientalists, New Delhi - Block of Four - India MNH - 04 Jan 1964 - Buy India Stamps - PhilaBasket.com (2).jpg",0,"https://res.cloudinary.com/dvsdithxh/image/upload/f_auto,q_auto/v1770299115/stamp_registry/kjxz6sghava8wgnur3yl.jpg",false
69849eef746cd99ed79de395,"#BK76 - International Congress of Orientalists, New Delhi - Block of Four - India MNH - 04 Jan 1964 - Buy India Stamps - PhilaBasket.com.jpg",0,"https://res.cloudinary.com/dvsdithxh/image/upload/f_auto,q_auto/v1770299118/stamp_registry/lhug4ttyrzxheojswvmt.jpg",true
69849ef1746cd99ed79de396,#BK76 - Orientalists Congress- Block of four Stamps India MNH - 1964 -Buy India Stamp - PhilaBasket.Com.jpg.jpg,0,"https://res.cloudinary.com/dvsdithxh/image/upload/f_auto,q_auto/v1770299120/stamp_registry/cldzcafvmkvvo8oy3d3z.jpg",false
69849ef3746cd99ed79de397,#BK77 - Utkalmani Pandit Gopabandhu Das- Block of four Stamps India MNH - 1964 -Buy India Stamp - PhilaBasket.Com.jpg.jpg,0,"https://res.cloudinary.com/dvsdithxh/image/upload/f_auto,q_auto/v1770299122/stamp_registry/kui2hku4myfmpmgpsx7b.jpg",false
69849ef5746cd99ed79de398,#BK79 - Netaji Subhash Chandra Bose  and INA Insignia- Block of four (Set of 2)Stamps India MNH - 1964 -Buy India Stamp - PhilaBasket.Com.jpg.jpg,0,"https://res.cloudinary.com/dvsdithxh/image/upload/f_auto,q_auto/v1770299125/stamp_registry/md0lqzsn2xfkp24fafja.jpg",false
69849ef8746cd99ed79de399,#BK83 - Jawaharlal Nehru 1889 - 1964 - Block of Four - India MNH - 12 Jun 1964 - Buy India Stamps - PhilaBasket.com.jpg,0,"https://res.cloudinary.com/dvsdithxh/image/upload/f_auto,q_auto/v1770299127/stamp_registry/mjo1s80fic8kajgzfx6q.jpg",true
69849efa746cd99ed79de39a,#BK83 - Pandit Jawaharlal Nehru - Mourning- Block of four Stamps India MNH - 1964 -Buy India Stamp - PhilaBasket (1).jpg,0,"https://res.cloudinary.com/dvsdithxh/image/upload/f_auto,q_auto/v1770299129/stamp_registry/uosgs4x922xpjvwwmmie.jpg",false
69849efd746cd99ed79de39b,#BK83 - Pandit Jawaharlal Nehru - Mourning- Block of four Stamps India MNH - 1964 -Buy India Stamp - PhilaBasket (2).jpg,0,"https://res.cloudinary.com/dvsdithxh/image/upload/f_auto,q_auto/v1770299132/stamp_registry/vgfxo2cuzri6pfiaxivy.jpg",false
69849eff746cd99ed79de39c,#BK83 - Pandit Jawaharlal Nehru - Mourning- Block of four Stamps India MNH - 1964 -Buy India Stamp - PhilaBasket.Com (2).jpg,0,"https://res.cloudinary.com/dvsdithxh/image/upload/f_auto,q_auto/v1770299134/stamp_registry/frps7rwwhpeowdtue91h.jpg",false
69849f01746cd99ed79de39d,#BK83 - Pandit Jawaharlal Nehru - Mourning- Block of four Stamps India MNH - 1964 -Buy India Stamp - PhilaBasket.com (3).jpg,0,"https://res.cloudinary.com/dvsdithxh/image/upload/f_auto,q_auto/v1770299136/stamp_registry/rr46nxrqo2xvwtbhm27c.jpg",false
69849f03746cd99ed79de39e,#BK83 - Pandit Jawaharlal Nehru - Mourning- Block of four Stamps India MNH - 1964 -Buy India Stamp - PhilaBasket.com (4).jpg,0,"https://res.cloudinary.com/dvsdithxh/image/upload/f_auto,q_auto/v1770299139/stamp_registry/tndlldl11fpceusbgzfr.jpg",false
69849f06746cd99ed79de39f,#BK83 - Pandit Jawaharlal Nehru - Mourning- Block of four Stamps India MNH - 1964 -Buy India Stamp - PhilaBasket.Com.jpg,0,"https://res.cloudinary.com/dvsdithxh/image/upload/f_auto,q_auto/v1770299141/stamp_registry/aqrsu0mxvmtfphypspfz.jpg",false
69849f07746cd99ed79de3a0,#BK85 - Sri Aurobindo- Block of four Stamps India MNH - 1964 -Buy India Stamp - PhilaBasket.Com.jpg.jpg,0,"https://res.cloudinary.com/dvsdithxh/image/upload/f_auto,q_auto/v1770299143/stamp_registry/knowho6z4bo1on08hrsr.jpg",false
69849f0a746cd99ed79de3a1,#BK86 - Raja Rammmohan Roy- Block of four Stamps India MNH - 1964 -Buy India Stamp - PhilaBasket.Com.jpg.jpg,0,"https://res.cloudinary.com/dvsdithxh/image/upload/f_auto,q_auto/v1770299145/stamp_registry/ywwmxvp11qdlwqnvqvwx.jpg",false
69849f0c746cd99ed79de3a2,#BK86 - Raja Rammohan Roy - Block of Four - India MNH - 27 Sep 1964 - Buy India Stamps - PhilaBasket.com.jpg,0,"https://res.cloudinary.com/dvsdithxh/image/upload/f_auto,q_auto/v1770299147/stamp_registry/i16n9uonpr6vpe7hsrg5.jpg",true
69849f0e746cd99ed79de3a4,#BK90 - XXII International Geological Congress (New Delhi) - Block of Four - India MNH - 14 Dec 1964 - Buy India Stamps - PhilaBasket (1).jpg,0,"https://res.cloudinary.com/dvsdithxh/image/upload/f_auto,q_auto/v1770299149/stamp_registry/fw1xuupwayqfim4o6l0p.jpg",false
69849f11746cd99ed79de3a5,#BK90 - XXII International Geological Congress (New Delhi) - Block of Four - India MNH - 14 Dec 1964 - Buy India Stamps - PhilaBasket (2).jpg,0,"https://res.cloudinary.com/dvsdithxh/image/upload/f_auto,q_auto/v1770299152/stamp_registry/m86wgfhhywop29y5r0xv.jpg",false
69849f14746cd99ed79de3a6,#BK90 - XXII International Geological Congress (New Delhi) - Block of Four - India MNH - 14 Dec 1964 - Buy India Stamps - PhilaBasket.com (2).jpg,0,"https://res.cloudinary.com/dvsdithxh/image/upload/f_auto,q_auto/v1770299155/stamp_registry/rfvykmt5rd6klsgmsihb.jpg",false
69849f17746cd99ed79de3a7,#BK90 - XXII International Geological Congress (New Delhi) - Block of Four - India MNH - 14 Dec 1964 - Buy India Stamps - PhilaBasket.com.jpg,0,"https://res.cloudinary.com/dvsdithxh/image/upload/f_auto,q_auto/v1770299158/stamp_registry/xmg5spkfcbxf5znzl84i.jpg",true
69849f18746cd99ed79de3a8,#BK93 - International Chamber of Commerce- Block of four Stamps India MNH - 1965 -Buy India Stamp - PhilaBasket.Com.jpg.jpg,0,"https://res.cloudinary.com/dvsdithxh/image/upload/f_auto,q_auto/v1770299159/stamp_registry/ibntr9dkxd63icz6lhmy.jpg",false
69849f1a746cd99ed79de3a9,"#BK94 - National Maritime Day, Vizag - Block of Four - India MNH - 05 Apr 1965 - Buy India Stamps - PhilaBasket.com.jpg",0,"https://res.cloudinary.com/dvsdithxh/image/upload/f_auto,q_auto/v1770299161/stamp_registry/qczx2e58zhniuo3aq7nr.jpg",true
69849f1c746cd99ed79de3aa,#BK95 - Abraham Lincoln - Block of Four - India MNH - 15 Apr 1965 - Buy India Stamps - PhilaBasket.com (4).jpg,0,"https://res.cloudinary.com/dvsdithxh/image/upload/f_auto,q_auto/v1770299163/stamp_registry/x0s5fvg0rffvypodgox8.jpg",false
69849f1e746cd99ed79de3ab,#BK95 - Abraham Lincoln - Block of Four - India MNH - 15 Apr 1965 - Buy India Stamps - PhilaBasket.com (5).jpg,0,"https://res.cloudinary.com/dvsdithxh/image/upload/f_auto,q_auto/v1770299165/stamp_registry/leykfvnjmbqqksbyjz5t.jpg",false
69849f21746cd99ed79de3ac,#BK95 - Abraham Lincoln - Block of Four - India MNH - 15 Apr 1965 - Buy India Stamps - PhilaBasket.com.jpg,0,"https://res.cloudinary.com/dvsdithxh/image/upload/f_auto,q_auto/v1770299168/stamp_registry/xxpxzegvgrwc2rqrhqe3.jpg",true
69849f23746cd99ed79de3ad,#BK95 - Abraham Lincoln- Block of four Stamps India MNH - 1965 -Buy India Stamp - PhilaBasket.Com.jpg.jpg,0,"https://res.cloudinary.com/dvsdithxh/image/upload/f_auto,q_auto/v1770299171/stamp_registry/iecj6zzm2zx5y6ssmq1r.jpg",false
69849f25746cd99ed79de3ae,#BK96 - International Telecommunication Union - Block of Four - India MNH - 17 May 1965 - Buy India Stamps - PhilaBasket.com.jpg,0,"https://res.cloudinary.com/dvsdithxh/image/upload/f_auto,q_auto/v1770299172/stamp_registry/j2vkydomldyo05okctgt.jpg",true
69849f27746cd99ed79de3af,#BK98 - International Cooperation Year - Block of Four - India MNH - 26 Jun 1965 - Buy India Stamps - PhilaBasket.com.jpg,0,"https://res.cloudinary.com/dvsdithxh/image/upload/f_auto,q_auto/v1770299175/stamp_registry/r2owtf5evaalwv3dk6rc.jpg",true
69849f29746cd99ed79de3b0,#BK98 - International Cooperation Year- Block of four Stamps India MNH - 1965 -Buy India Stamp - PhilaBasket.Com.jpg.jpg,0,"https://res.cloudinary.com/dvsdithxh/image/upload/f_auto,q_auto/v1770299176/stamp_registry/uc8ty8gclyl53ysi6wae.jpg",false
69849f2b746cd99ed79de3b1,#BK99 - Everest Expedition- Block of four Stamps India MNH - 1965 -Buy India Stamp - PhilaBasket.Com.jpg.jpg,0,"https://res.cloudinary.com/dvsdithxh/image/upload/f_auto,q_auto/v1770299178/stamp_registry/gdtntby3xpvcqqubrbfr.jpg",false
69849f2d746cd99ed79de3b2,#BK99 - Indian Mount Everest Expedition - Block of Four - India MNH - 15 Aug 1965 - Buy India Stamps - PhilaBasket.com.jpg,0,"https://res.cloudinary.com/dvsdithxh/image/upload/f_auto,q_auto/v1770299180/stamp_registry/jqomptdabzcyt4fnwhe4.jpg",true
69849f30746cd99ed79de3b3,#BK101 - Sardar Vallabhbhai Patel - Block of Four - India MNH - 31 Oct 1965 - Buy India Stamps - PhilaBasket.com.jpg,0,"https://res.cloudinary.com/dvsdithxh/image/upload/f_auto,q_auto/v1770299183/stamp_registry/i82mghif8uux2tzlpje7.jpg",true
69849f32746cd99ed79de3b4,#BK103 - Vidyapati- Block of four Stamps India MNH - 1965 -Buy India Stamp - PhilaBasket.Com.jpg.jpg,0,"https://res.cloudinary.com/dvsdithxh/image/upload/f_auto,q_auto/v1770299185/stamp_registry/n9moe2tedod3ikfukhyt.jpg",false
69849f34746cd99ed79de3b5,#BK105 - Jai Jawan- Block of four Stamps India MNH - 1966 -Buy India Stamp - PhilaBasket.Com.jpg.jpg,0,"https://res.cloudinary.com/dvsdithxh/image/upload/f_auto,q_auto/v1770299187/stamp_registry/vaqdnqdohy2ndqaqdfyo.jpg",false
69849f36746cd99ed79de3b6,#BK106 - Lal Bahadur Shastri - Block of Four - India MNH - 26 Jan 1966 - Buy India Stamps - PhilaBasket.com.jpg,0,"https://res.cloudinary.com/dvsdithxh/image/upload/f_auto,q_auto/v1770299189/stamp_registry/b5sllc5jkmuf95v8jalx.jpg",true
69849f38746cd99ed79de3b7,#BK108 - Dr. B. R. Ambedkar- Block of four Stamps India MNH - 1966 -Buy India Stamp - PhilaBasket.Com.jpg.jpg,0,"https://res.cloudinary.com/dvsdithxh/image/upload/f_auto,q_auto/v1770299192/stamp_registry/cuyfcxznofyfbf9qau0u.jpg",false
69849f3a746cd99ed79de3b8,#BK111 - Mahavir Prasad Dwivedi- Block of four Stamps India MNH - 1966 -Buy India Stamp - PhilaBasket.Com.jpg.jpg,0,"https://res.cloudinary.com/dvsdithxh/image/upload/f_auto,q_auto/v1770299193/stamp_registry/xf6jqznksopaocqn2ikt.jpg",false
69849f3c746cd99ed79de3b9,#BK112 - Maharaja Ranjit Singh - Block of Four - India MNH - 28 Jun 1966 - Buy India Stamps - PhilaBasket.com (2).jpg,0,"https://res.cloudinary.com/dvsdithxh/image/upload/f_auto,q_auto/v1770299196/stamp_registry/jirsep0xc3t063qksock.jpg",false
69849f3e746cd99ed79de3ba,#BK112 - Maharaja Ranjit Singh - Block of Four - India MNH - 28 Jun 1966 - Buy India Stamps - PhilaBasket.com.jpg,0,"https://res.cloudinary.com/dvsdithxh/image/upload/f_auto,q_auto/v1770299197/stamp_registry/iq0sq0fr9d8a04aphcjg.jpg",true
69849f40746cd99ed79de3bb,#BK113 - Homi Bhaba - Block of Four - India MNH - 04 Aug 1966 - Buy India Stamps - PhilaBasket.com (2).jpg,0,"https://res.cloudinary.com/dvsdithxh/image/upload/f_auto,q_auto/v1770299200/stamp_registry/oe0xsdacy9rprjlduk7j.jpg",false
69849f42746cd99ed79de3bc,#BK113 - Homi Bhaba - Block of Four - India MNH - 04 Aug 1966 - Buy India Stamps - PhilaBasket.com (3).jpg,0,"https://res.cloudinary.com/dvsdithxh/image/upload/f_auto,q_auto/v1770299202/stamp_registry/dnwp1ssladqgvrqzridw.jpg",false
69849f45746cd99ed79de3bd,#BK113 - Homi Bhaba - Block of Four - India MNH - 04 Aug 1966 - Buy India Stamps - PhilaBasket.com.jpg,0,"https://res.cloudinary.com/dvsdithxh/image/upload/f_auto,q_auto/v1770299204/stamp_registry/ra98tp66l2hcsclkisdz.jpg",true
69849f48746cd99ed79de3be,#BK114 - Abul Kalam Azad - Block of Four - India MNH - 11 Nov 1966 - Buy India Stamps - PhilaBasket.com.jpg,0,"https://res.cloudinary.com/dvsdithxh/image/upload/f_auto,q_auto/v1770299207/stamp_registry/axbklp4lm3dc15h5lxbf.jpg",true
69849f4a746cd99ed79de3bf,#BK114 - Abul Kalam Azad- Block of four Stamps India MNH - 1966 -Buy India Stamp - PhilaBasket.Com.jpg.jpg,0,"https://res.cloudinary.com/dvsdithxh/image/upload/f_auto,q_auto/v1770299210/stamp_registry/afq8ebwe0a2nbh2vog5x.jpg",false
69849f4c746cd99ed79de3c0,#BK115 - Swami Rama Tirtha - Block of Four - India MNH - 11 Nov 1966 - Buy India Stamps - PhilaBasket.com (2).jpg,0,"https://res.cloudinary.com/dvsdithxh/image/upload/f_auto,q_auto/v1770299211/stamp_registry/u2hzxifwlextxeumt9o4.jpg",false
69849f4e746cd99ed79de3c1,#BK115 - Swami Rama Tirtha - Block of Four - India MNH - 11 Nov 1966 - Buy India Stamps - PhilaBasket.com.jpg,0,"https://res.cloudinary.com/dvsdithxh/image/upload/f_auto,q_auto/v1770299214/stamp_registry/qtg9g6oio7zvbiisvfgm.jpg",true
69849f51746cd99ed79de3c3,#BK116 - Childrens Day - Block of Four - India MNH - 14 Nov 1966 - Buy India Stamps - PhilaBasket.com.jpg,0,"https://res.cloudinary.com/dvsdithxh/image/upload/f_auto,q_auto/v1770299216/stamp_registry/w6igtrpborzqjqpuunhv.jpg",true
69849f53746cd99ed79de3c4,#BK117 - Allahabad High Court - Block of Four - India MNH - 25 Nov 1966 - Buy India Stamps - PhilaBasket.com (2).jpg,0,"https://res.cloudinary.com/dvsdithxh/image/upload/f_auto,q_auto/v1770299218/stamp_registry/p3r8bifurtsvutffgwq7.jpg",false
69849f55746cd99ed79de3c5,#BK117 - Allahabad High Court - Block of Four - India MNH - 25 Nov 1966 - Buy India Stamps - PhilaBasket.com.jpg,0,"https://res.cloudinary.com/dvsdithxh/image/upload/f_auto,q_auto/v1770299220/stamp_registry/lpzkg1pqalpwytnhfro8.jpg",true
69849f57746cd99ed79de3c6,#BK117 - Allahabad High Court- Block of four Stamps India MNH - 1966 -Buy India Stamp - PhilaBasket.Com.jpg.jpg,0,"https://res.cloudinary.com/dvsdithxh/image/upload/f_auto,q_auto/v1770299222/stamp_registry/r1zi1ch154hv4ayfwixt.jpg",false
69849f5a746cd99ed79de3c7,#BK121 - General Election - Block of Four - India MNH - 13 Jan 1967 - Buy India Stamps - PhilaBasket.com.jpg,0,"https://res.cloudinary.com/dvsdithxh/image/upload/f_auto,q_auto/v1770299225/stamp_registry/mateflazvi8hurvlfshg.jpg",true
69849f5c746cd99ed79de3c8,#BK121 - General Election- Block of four Stamps India MNH - 1967 -Buy India Stamp - PhilaBasket.Com.jpg.jpg,0,"https://res.cloudinary.com/dvsdithxh/image/upload/f_auto,q_auto/v1770299227/stamp_registry/muvflh2xatiju0wvia1r.jpg",false
69849f5e746cd99ed79de3c9,#BK124 - Nandalal Bose- Block of four Stamps India MNH - 1967 -Buy India Stamp - PhilaBasket.Com.jpg.jpg,0,"https://res.cloudinary.com/dvsdithxh/image/upload/f_auto,q_auto/v1770299229/stamp_registry/t0wlamfnzbryffwusmc3.jpg",false
69849f60746cd99ed79de3ca,#BK129 - Narayana Guru- Block of four Stamps India MNH - 1967 -Buy India Stamp - PhilaBasket.Com.jpg.jpg,0,"https://res.cloudinary.com/dvsdithxh/image/upload/f_auto,q_auto/v1770299231/stamp_registry/fegplnuqna0bbxwhd9kd.jpg",false
69849f62746cd99ed79de3cb,#BK130 - Dr. Sarvepalli Radhakrishnan- Block of four Stamps India MNH - 1967 -Buy India Stamp - PhilaBasket.Com.jpg.jpg,0,"https://res.cloudinary.com/dvsdithxh/image/upload/f_auto,q_auto/v1770299233/stamp_registry/bsvux2pvpe1bsoqjjkca.jpg",false
69849f67746cd99ed79de3cc,#BK131 - Quit India Movement - Block of Four - India MNH - 01 Oct 1967 - Buy India Stamps - PhilaBasket.com (2).jpg,0,"https://res.cloudinary.com/dvsdithxh/image/upload/f_auto,q_auto/v1770299235/stamp_registry/u7vhx552a2jma4omkk9s.jpg",false
69849f68746cd99ed79de3cd,#BK131 - Quit India Movement - Block of Four - India MNH - 01 Oct 1967 - Buy India Stamps - PhilaBasket.com.jpg,0,"https://res.cloudinary.com/dvsdithxh/image/upload/f_auto,q_auto/v1770299240/stamp_registry/vb9qnspnae1wllqcquam.jpg",true
69849f6b746cd99ed79de3ce,#BK131 - Quit India Movement- Block of four Stamps India MNH - 1967 -Buy India Stamp - PhilaBasket.Com.jpg.jpg,0,"https://res.cloudinary.com/dvsdithxh/image/upload/f_auto,q_auto/v1770299242/stamp_registry/vvbmkxpibiqge2ou83vw.jpg",false
