name,price,description,year,country,category,stock,imageName
,,,,India,[],1,#BK232 - 25th Anniv. Of Independence -(Gnat fighters)- Block of four (Set of 2) Stamps India MNH - 1973 -Buy India Stamp - PhilaBasket.Com.jpg.jpg
,,,,India,[],1,#BK231 - INDIPEX 73 - Exhibition logo - Block of Four - India MNH - 08 Jan 1973 - Buy India Stamps - PhilaBasket (4).jpg
,,,,India,[],1,#BK231 - INDIPEX 73 - Exhibition logo - Block of Four - India MNH - 08 Jan 1973 - Buy India Stamps - PhilaBasket (3).jpg
,,,,India,[],1,#BK231 - INDIPEX 73 - Exhibition logo - Block of Four - India MNH - 08 Jan 1973 - Buy India Stamps - PhilaBasket (2).jpg
,,,,India,[],1,#BK231 - INDIPEX 73 - Exhibition logo - Block of Four - India MNH - 08 Jan 1973 - Buy India Stamps - PhilaBasket (1).jpg
,,,,India,[],1,#BK228 - Asian Trade Fair - Insignia - Block of Four - India MNH - 03 Nov 1972 - Buy India Stamps - PhilaBasket.com.jpg
,,,,India,[],1,#BK227 - Personalities- ( Bhai Vir Singh, T. Prakasam, Vemana, Bertrand Russel )- Block of four (Set of 4)Stamps India MNH - 1972 -Buy India Stamp - PhilaBasket.Com.jpg.jpg
,,,,India,[],1,#BK227 - Personalities- ( Bhai Vir Singh, T. Prakasam, Vemana, Bertrand Russel )- Block of four (Set of 4) India MNH - 1972 -Buy India Stamp - PhilaBasket.Com.jpg.jpg
,,,,India,[],1,#BK227 - Personalities- ( Bhai Vir Singh, T. Prakasam, Vemana, Bertrand Russel )- Block of four (Set of 4) India MNH - 1972 -Buy India Stamp - PhilaBasket.Com.jpg.jpeg
,,,,India,[],1,#BK227 - Personalities- ( Bhai Vir Singh, T. Prakasam, Vemana, Bertrand Russel )- Block of four (Set of 4) India MNH - 1972 -Buy India Stamp - PhilaBasket.Com.jpg (2).jpg
,,,,India,[],1,#BK226 - V. O. Chidambaram Pillai- Block of four Stamps India MNH - 1972 -Buy India Stamp - PhilaBasket.Com.jpg.jpg
,,,,India,[],1,#BK226 - V O Chidambaram Pillai - Block of Four - India MNH - 05 Sep 1972 - Buy India Stamps - PhilaBasket.com.jpg
,,,,India,[],1,#BK225 - Greetings to our forces- Block of four Stamps India MNH - 1972 -Buy India Stamp - PhilaBasket.Com.jpg.jpg
,,,,India,[],1,#BK225 - Greetings to our forces - Block of Four - India MNH - 15 Aug 1972 - Buy India Stamps - PhilaBasket.com.jpg
,,,,India,[],1,#BK224 - 25th Anniversary of Independence - Block of Four - India MNH - 15 Aug 1972 - Buy India Stamps - PhilaBasket.com.jpg
,,,,India,[],1,#BK224 - 25th Anniversary of Independence - Block of Four - India MNH - 15 Aug 1972 - Buy India Stamps - PhilaBasket.com (3).jpg
,,,,India,[],1,#BK224 - 25th Anniversary of Independence - Block of Four - India MNH - 15 Aug 1972 - Buy India Stamps - PhilaBasket.com (2).jpg
,,,,India,[],1,#BK223 - Sri Aurobindo - Block of Four - India MNH - 15 Aug 1972 - Buy India Stamps - PhilaBasket (2).jpg
,,,,India,[],1,#BK223 - Sri Aurobindo - Block of Four - India MNH - 15 Aug 1972 - Buy India Stamps - PhilaBasket (1).jpg
,,,,India,[],1,#BK222 - Munich Olympics - (Hockey, Games Symbol)- Block of four (Set of 2)Stamps India MNH - 1972 -Buy India Stamp - PhilaBasket.Com.jpg.jpg
,,,,India,[],1,#BK221 - International Union of Railways- Block of four Stamps India MNH - 1972 -Buy India Stamp - PhilaBasket.Com.jpg.jpg
,,,,India,[],1,#BK221 - International Union of Railways - Block of Four - India MNH - 30 Jun 1972 - Buy India Stamps - PhilaBasket.com.jpg
,,,,India,[],1,#BK221 - International Union of Railways - Block of Four - India MNH - 30 Jun 1972 - Buy India Stamps - PhilaBasket.com (2).jpg
,,,,India,[],1,#BK220 - ISI Silver Jubilee- Block of four Stamps India MNH - 1972 -Buy India Stamp - PhilaBasket.Com.jpg.jpg
,,,,India,[],1,#BK219 - Arvi Satellite Earth Station- Block of four Stamps India MNH - 1972 -Buy India Stamp - PhilaBasket.Com.jpg.jpg
,,,,India,[],1,#BK219 - Arvi Satellite Earth Station - Block of Four - India MNH - 26 Feb 1972 - Buy India Stamps - PhilaBasket.com.jpg
,,,,India,[],1,#BK219 - Arvi Satellite Earth Station - Block of Four - India MNH - 26 Feb 1972 - Buy India Stamps - PhilaBasket.com (3).jpg
,,,,India,[],1,#BK219 - Arvi Satellite Earth Station - Block of Four - India MNH - 26 Feb 1972 - Buy India Stamps - PhilaBasket.com (2).jpg
,,,,India,[],1,#BK218 - Cricket Victories - Block of Four - India MNH - 30 Dec 1971 - Buy India Stamps - PhilaBasket.com.jpg
,,,,India,[],1,#BK214 - Unesco 25Th Anniversary - Block of four Stamps India MNH - 1971 -Buy India Stamp - PhilaBasket.Com.jpg.jpg
,,,,India,[],1,#BK212 - Charter of Cyrus the Great - Block of Four - India MNH - 12 Oct 1971 - Buy India Stamps - PhilaBasket.com.jpg
,,,,India,[],1,#BK207 - Sri Ramana Maharishi - Block of Four - India MNH - 14 Apr 1971 - Buy India Stamps - PhilaBasket.com.jpg
,,,,India,[],1,#BK204 - Deenbandhu C. F. Andrews- Block of four Stamps India MNH - 1971 -Buy India Stamp - PhilaBasket.Com.jpg.jpg
,,,,India,[],1,#BK201 - Indian Life Insurance- Block of four Stamps India MNH - 1971 -Buy India Stamp - PhilaBasket.Com.jpg.jpeg
,,,,India,[],1,#BK199 - Inpex-70 - ( Children Collecting Sheets, Stamp & magnifying glass)- Block of four (Set of 2)Stamps India MNH - 1970 -Buy India Stamp - PhilaBasket.Com.jpg.jpg
,,,,India,[],1,#BK192 - Maharshi Valmiki - Block of Four - India MNH - 14 Oct 1970 - Buy India Stamps - PhilaBasket.com.jpg
,,,,India,[],1,#BK191 - Iswar Chandra Vidyasagar - Block of Four - India MNH - 26 Sep 1970 - Buy India Stamps - PhilaBasket.com.jpg
,,,,India,[],1,#BK191 - Iswar Chandra Vidyasagar - Block of Four - India MNH - 26 Sep 1970 - Buy India Stamps - PhilaBasket.com (3).jpg
,,,,India,[],1,#BK191 - Iswar Chandra Vidyasagar - Block of Four - India MNH - 26 Sep 1970 - Buy India Stamps - PhilaBasket.com (2).jpg
,,,,India,[],1,#BK191 - Ishwar Chandra Vidyasagar- Block of four Stamps India MNH - 1970 -Buy India Stamp - PhilaBasket.Com.jpg.jpg
,,,,India,[],1,#BK190 - V S Srinivasa Sastri - Block of Four - India MNH - 22 Sep 1970 - Buy India Stamps - PhilaBasket.com.jpg
,,,,India,[],1,#BK189 - Jatindra nath Mukherjee - Block of Four - India MNH - 09 Sep 1970 - Buy India Stamps - PhilaBasket.com.jpg
,,,,India,[],1,#BK187 - Asian Productivity Year - Block of Four - India MNH - 18 Aug 1970 - Buy India Stamps - PhilaBasket.com.jpg
,,,,India,[],1,#BK186 - United Nations 25Th Anniversary- Block of four Stamps India MNH - 1970 -Buy India Stamp - PhilaBasket.Com.jpg.jpg
,,,,India,[],1,#BK185 - Vinayak Damodar Savarkar - Block of Four - India MNH - 28 May 1970 - Buy India Stamps - PhilaBasket.com.jpg
,,,,India,[],1,#BK184 - Sher Shah Suri - Block of Four - India MNH - 22 May 1970 - Buy India Stamps - PhilaBasket.com.jpg
,,,,India,[],1,#BK184 - Sher Shah Suri - Block of Four - India MNH - 22 May 1970 - Buy India Stamps - PhilaBasket.com (2).jpg
,,,,India,[],1,#BK183 - New UPU Headquarters - Block of Four - India MNH - 20 May 1970 - Buy India Stamps - PhilaBasket.com.jpg
,,,,India,[],1,#BK182 - V I Lenin - Block of Four - India MNH - 22 Apr 1970 - Buy India Stamps - PhilaBasket.com.jpg
,,,,India,[],1,#BK180 - Nalanda College- Block of four Stamps India MNH - 1970 -Buy India Stamp - PhilaBasket.Com.jpg.jpeg
,,,,India,[],1,#BK179 - Munshi Newal Kishore - Block of Four - India MNH - 19 Feb 1970 - Buy India Stamps - PhilaBasket.com.jpg
,,,,India,[],1,#BK179 - Munshi Newal Kishore - Block of Four - India MNH - 19 Feb 1970 - Buy India Stamps - PhilaBasket.com (2).jpg
,,,,India,[],1,#BK179 - Munshi Nawal Kishore- Block of four Stamps India MNH - 1970 -Buy India Stamp - PhilaBasket.Com.jpg.jpg
,,,,India,[],1,#BK177 - XIIth Plenary Assembly of CCIR 1970 - Block of Four - India MNH - 21 Jan 1970 - Buy India Stamps - PhilaBasket (2).jpg
,,,,India,[],1,#BK177 - XIIth Plenary Assembly of CCIR 1970 - Block of Four - India MNH - 21 Jan 1970 - Buy India Stamps - PhilaBasket (1).jpg
,,,,India,[],1,#BK176 - Thakkar Bapa - Block of Four - India MNH - 29 Nov 1969 - Buy India Stamps - PhilaBasket.com.jpg
,,,,India,[],1,#BK175 - Sadhu Vaswani- Block of four Stamps India MNH - 1969 -Buy India Stamp - PhilaBasket.Com.jpg.jpeg
,,,,India,[],1,#BK174 - International Union for Conservation of Nature and Natural Resources - Block of Four - India MNH - 24 Nov 1969 - Buy India Stamps - PhilaBasket.com.jpg
,,,,India,[],1,#BK173 - Guru Nanak Dev - Block of Four - India MNH - 23 Nov 1969 - Buy India Stamps - PhilaBasket.com.jpg
,,,,India,[],1,#BK172 - Man on the moon - Block of Four - India MNH - 19 Nov 1969 - Buy India Stamps - PhilaBasket.com (4).jpg
,,,,India,[],1,#BK172 - Man on the moon - Block of Four - India MNH - 19 Nov 1969 - Buy India Stamps - PhilaBasket.com (3).jpg
,,,,India,[],1,#BK172 - Man on the moon - Block of Four - India MNH - 19 Nov 1969 - Buy India Stamps - PhilaBasket.com (2).jpg
,,,,India,[],1,#BK171 - 57th Inter-Parliamentary Conference- Block of four Stamps India MNH - 1969 -Buy India Stamp - PhilaBasket.Com.jpg.jpg
,,,,India,[],1,#BK171 - 57th Inter-Parliamentary Conference- Block of four Stamps India MNH - 1969 -Buy India Stamp - PhilaBasket.Com (2).jpg
,,,,India,[],1,#BK171 - 57th Inter Parliamentary Conference - Block of Four - India MNH - 30 Oct 1969 - Buy India Stamps - PhilaBasket.com.jpg
,,,,India,[],1,#BK170 - Inter Governmental Maritime Consultative Organisation ( IMCO ) - Block of Four - India MNH - 14 Oct 1969 - Buy India Stamps - PhilaBasket.com.jpg
,,,,India,[],1,#BK169 - Gandhi Centenary - Gandhi & Kasturba - Block of Four - India MNH - 02 Oct 1969 - Buy India Stamps - PhilaBasket.com (4).jpg
,,,,India,[],1,#BK169 - Gandhi Centenary - Gandhi & Kasturba - Block of Four - India MNH - 02 Oct 1969 - Buy India Stamps - PhilaBasket.com (3).jpg
,,,,India,[],1,#BK169 - Gandhi Centenary - Gandhi & Kasturba - Block of Four - India MNH - 02 Oct 1969 - Buy India Stamps - PhilaBasket (10).jpg
,,,,India,[],1,#BK169 - Gandhi Centenary - Gandhi & Kasturba - Block of Four - India MNH - 02 Oct 1969 - Buy India Stamps - PhilaBasket (9).jpg
,,,,India,[],1,#BK169 - Gandhi Centenary - Gandhi & Kasturba - Block of Four - India MNH - 02 Oct 1969 - Buy India Stamps - PhilaBasket (8).jpg
,,,,India,[],1,#BK169 - Gandhi Centenary - Gandhi & Kasturba - Block of Four - India MNH - 02 Oct 1969 - Buy India Stamps - PhilaBasket (7).jpg
,,,,India,[],1,#BK169 - Gandhi Centenary - Gandhi & Kasturba - Block of Four - India MNH - 02 Oct 1969 - Buy India Stamps - PhilaBasket (6).jpg
,,,,India,[],1,#BK169 - Gandhi Centenary - Gandhi & Kasturba - Block of Four - India MNH - 02 Oct 1969 - Buy India Stamps - PhilaBasket (4).jpg
,,,,India,[],1,#BK169 - Gandhi Centenary - Gandhi & Kasturba - Block of Four - India MNH - 02 Oct 1969 - Buy India Stamps - PhilaBasket (3).jpg
,,,,India,[],1,#BK169 - Gandhi Centenary - Gandhi & Kasturba - Block of Four - India MNH - 02 Oct 1969 - Buy India Stamps - PhilaBasket (2).jpg
,,,,India,[],1,#BK169 - Gandhi Centenary - Gandhi & Kasturba - Block of Four - India MNH - 02 Oct 1969 - Buy India Stamps - PhilaBasket (1).jpg
,,,,India,[],1,#BK168 - Laxmanrao Kirloskar - Block of Four - India MNH - 20 Jun 1969 - Buy India Stamps - PhilaBasket.com.jpg
,,,,India,[],1,#BK167 - Dr. Zakir Hussain- Block of four Stamps India MNH - 1969 -Buy India Stamp - PhilaBasket.Com.jpg.jpeg
,,,,India,[],1,#BK167 - Dr Zakir Hussain - Block of Four - India MNH - 11 Jun 1969 - Buy India Stamps - PhilaBasket.com.jpg
,,,,India,[],1,#BK166 - Serampore College - Block of Four - India MNH - 07 Jun 1969 - Buy India Stamps - PhilaBasket.com.jpg
,,,,India,[],1,#BK166 - Serampore College - Block of Four - India MNH - 07 Jun 1969 - Buy India Stamps - PhilaBasket.com (2).jpg
,,,,India,[],1,#BK163 - Jalianwala Bagh - Block of Four - India MNH - 13 Apr 1969 - Buy India Stamps - PhilaBasket.com.jpg
,,,,India,[],1,#BK162 - International Labour Organisation- Block of four Stamps India MNH - 1969 -Buy India Stamp - PhilaBasket.Com.jpg.jpg
,,,,India,[],1,#BK161 - Rafi Ahmed Kidwai- Block of four Stamps India MNH - 1969 -Buy India Stamp - PhilaBasket.Com.jpg.jpg
,,,,India,[],1,#BK161 - Rafi Ahmed Kidwai - Author of All UP Air Mail Scheme - Block of Four - India MNH - 01 Apr 1969 - Buy India Stamps - PhilaBasket.com.jpg
,,,,India,[],1,#BK161 - Rafi Ahmed Kidwai - Author of All UP Air Mail Scheme - Block of Four - India MNH - 01 Apr 1969 - Buy India Stamps - PhilaBasket.com (3).jpg
,,,,India,[],1,#BK161 - Rafi Ahmed Kidwai - Author of All UP Air Mail Scheme - Block of Four - India MNH - 01 Apr 1969 - Buy India Stamps - PhilaBasket.com (2).jpg
,,,,India,[],1,#BK160 - Osmania University - Block of Four - India MNH - 15 Mar 1969 - Buy India Stamps - PhilaBasket.com.jpg
,,,,India,[],1,#BK159 - Mirza Ghalib - Block of Four - India MNH - 17 Feb 1969 - Buy India Stamps - PhilaBasket.com (2).jpg
,,,,India,[],1,#BK158 - Dr. Martin Luther King- Block of four Stamps India MNH - 1969 -Buy India Stamp - PhilaBasket.Com.jpg.jpg
,,,,India,[],1,#BK158 - Dr Martin Luther King - Block of Four - India MNH - 25 Jan 1969 - Buy India Stamps - PhilaBasket.com.jpg
,,,,India,[],1,#BK157 - Dr Bhagavan Das - Block of Four - India MNH - 12 Jan 1969 - Buy India Stamps - PhilaBasket.com.jpg
,,,,India,[],1,#BK156 - Bankim Chandra Chaterjee- Block of four Stamps India MNH - 1969 -Buy India Stamp - PhilaBasket.Com.jpg.jpg
,,,,India,[],1,#BK156 - Bankim Chandra Chaterjee - Block of Four - India MNH - 01 Jan 1969 - Buy India Stamps - PhilaBasket.com.jpg
,,,,India,[],1,#BK155 - Indian Birds - Block of Four - India MNH - 31 Dec 1968 - Buy India Stamps - PhilaBasket.com.jpg
,,,,India,[],1,#BK155 - Indian Birds - Block of Four - India MNH - 31 Dec 1968 - Buy India Stamps - PhilaBasket.com (2).jpg
,,,,India,[],1,#BK155 - Indian Birds - Block of Four - India MNH - 31 Dec 1968 - Buy India Stamps - PhilaBasket (2).jpg
,,,,India,[],1,#BK155 - Indian Birds - Block of Four - India MNH - 31 Dec 1968 - Buy India Stamps - PhilaBasket (1).jpg
,,,,India,[],1,#BK151 - Marie Curie - Block of Four - India MNH - 06 Nov 1968 - Buy India Stamps - PhilaBasket.com.jpg
,,,,India,[],1,#BK149 - Azad Hind Government- Block of four Stamps India MNH - 1968 -Buy India Stamp - PhilaBasket.Com.jpg.jpg
,,,,India,[],1,#BK148 - Bhagat Singh - Block of Four - India MNH - 19 Oct 1968 - Buy India Stamps - PhilaBasket.com.jpg
,,,,India,[],1,#BK147 - Mexico Olympics -Runners Legs- Block of four (Set of 2)Stamps India MNH - 1968 -Buy India Stamp - PhilaBasket.Com.jpg.jpg
,,,,India,[],1,#BK143 - Hundred Thousandth Post Office- Block of four Stamps India MNH - 1968 -Buy India Stamp - PhilaBasket.Com.jpg.jpg
,,,,India,[],1,#BK141 - Maxim Gorky- Block of four Stamps India MNH - 1968 -Buy India Stamp - PhilaBasket.Com.jpg.jpg
,,,,India,[],1,#BK140 - Amrita Bazar Patrika- Block of four Stamps India MNH - 1968 -Buy India Stamp - PhilaBasket.Com.jpg.jpg
,,,,India,[],1,#BK139 - UN Conference on Trade and Development - Block of Four - India MNH - 01 Feb 1968 - Buy India Stamps - PhilaBasket.com.jpg
,,,,India,[],1,#BK138 - Second International Conference on Tamil Studies - Block of Four - India MNH - 03 Jan 1968 - Buy India Stamps - PhilaBasket.com.jpg
,,,,India,[],1,#BK137 - International Year for Human Rights - Block of Four - India MNH - 01 Jan 1968 - Buy India Stamps - PhilaBasket.com.jpg
,,,,India,[],1,#BK136 - Scout Movement- Block of four Stamps India MNH - 1967 -Buy India Stamp - PhilaBasket.Com.jpg.jpg
,,,,India,[],1,#BK136 - Scout Movement - Block of Four - India MNH - 27 Dec 1967 - Buy India Stamps - PhilaBasket.com.jpg
,,,,India,[],1,#BK135 - Rashbehari Basu- Block of four Stamps India MNH - 1967 -Buy India Stamp - PhilaBasket.Com.jpg.jpg
,,,,India,[],1,#BK133 - World Wrestling Championship- Block of four Stamps India MNH - 1967 -Buy India Stamp - PhilaBasket.Com.jpg.jpg
,,,,India,[],1,#BK133 - World Wrestling Championship - Block of Four - India MNH - 12 Nov 1967 - Buy India Stamps - PhilaBasket.com.jpg
,,,,India,[],1,#BK131 - Quit India Movement- Block of four Stamps India MNH - 1967 -Buy India Stamp - PhilaBasket.Com.jpg.jpg
,,,,India,[],1,#BK131 - Quit India Movement - Block of Four - India MNH - 01 Oct 1967 - Buy India Stamps - PhilaBasket.com.jpg
,,,,India,[],1,#BK131 - Quit India Movement - Block of Four - India MNH - 01 Oct 1967 - Buy India Stamps - PhilaBasket.com (2).jpg
,,,,India,[],1,#BK130 - Dr. Sarvepalli Radhakrishnan- Block of four Stamps India MNH - 1967 -Buy India Stamp - PhilaBasket.Com.jpg.jpg
,,,,India,[],1,#BK129 - Narayana Guru- Block of four Stamps India MNH - 1967 -Buy India Stamp - PhilaBasket.Com.jpg.jpg
,,,,India,[],1,#BK124 - Nandalal Bose- Block of four Stamps India MNH - 1967 -Buy India Stamp - PhilaBasket.Com.jpg.jpg
,,,,India,[],1,#BK121 - General Election- Block of four Stamps India MNH - 1967 -Buy India Stamp - PhilaBasket.Com.jpg.jpg
,,,,India,[],1,#BK121 - General Election - Block of Four - India MNH - 13 Jan 1967 - Buy India Stamps - PhilaBasket.com.jpg
,,,,India,[],1,#BK117 - Allahabad High Court- Block of four Stamps India MNH - 1966 -Buy India Stamp - PhilaBasket.Com.jpg.jpg
,,,,India,[],1,#BK117 - Allahabad High Court - Block of Four - India MNH - 25 Nov 1966 - Buy India Stamps - PhilaBasket.com.jpg
,,,,India,[],1,#BK117 - Allahabad High Court - Block of Four - India MNH - 25 Nov 1966 - Buy India Stamps - PhilaBasket.com (2).jpg
,,,,India,[],1,#BK116 - Childrens Day - Block of Four - India MNH - 14 Nov 1966 - Buy India Stamps - PhilaBasket.com.jpg
,,,,India,[],1,#BK115 - Swami Rama Tirtha - Block of Four - India MNH - 11 Nov 1966 - Buy India Stamps - PhilaBasket.com.jpg
,,,,India,[],1,#BK115 - Swami Rama Tirtha - Block of Four - India MNH - 11 Nov 1966 - Buy India Stamps - PhilaBasket.com (2).jpg
,,,,India,[],1,#BK114 - Abul Kalam Azad- Block of four Stamps India MNH - 1966 -Buy India Stamp - PhilaBasket.Com.jpg.jpg
,,,,India,[],1,#BK114 - Abul Kalam Azad - Block of Four - India MNH - 11 Nov 1966 - Buy India Stamps - PhilaBasket.com.jpg
,,,,India,[],1,#BK113 - Homi Bhaba - Block of Four - India MNH - 04 Aug 1966 - Buy India Stamps - PhilaBasket.com.jpg
,,,,India,[],1,#BK113 - Homi Bhaba - Block of Four - India MNH - 04 Aug 1966 - Buy India Stamps - PhilaBasket.com (3).jpg
,,,,India,[],1,#BK113 - Homi Bhaba - Block of Four - India MNH - 04 Aug 1966 - Buy India Stamps - PhilaBasket.com (2).jpg
,,,,India,[],1,#BK112 - Maharaja Ranjit Singh - Block of Four - India MNH - 28 Jun 1966 - Buy India Stamps - PhilaBasket.com.jpg
,,,,India,[],1,#BK112 - Maharaja Ranjit Singh - Block of Four - India MNH - 28 Jun 1966 - Buy India Stamps - PhilaBasket.com (2).jpg
,,,,India,[],1,#BK111 - Mahavir Prasad Dwivedi- Block of four Stamps India MNH - 1966 -Buy India Stamp - PhilaBasket.Com.jpg.jpg
,,,,India,[],1,#BK108 - Dr. B. R. Ambedkar- Block of four Stamps India MNH - 1966 -Buy India Stamp - PhilaBasket.Com.jpg.jpg
,,,,India,[],1,#BK106 - Lal Bahadur Shastri - Block of Four - India MNH - 26 Jan 1966 - Buy India Stamps - PhilaBasket.com.jpg
,,,,India,[],1,#BK105 - Jai Jawan- Block of four Stamps India MNH - 1966 -Buy India Stamp - PhilaBasket.Com.jpg.jpg
,,,,India,[],1,#BK103 - Vidyapati- Block of four Stamps India MNH - 1965 -Buy India Stamp - PhilaBasket.Com.jpg.jpg
,,,,India,[],1,#BK101 - Sardar Vallabhbhai Patel - Block of Four - India MNH - 31 Oct 1965 - Buy India Stamps - PhilaBasket.com.jpg
,,,,India,[],1,#BK99 - Indian Mount Everest Expedition - Block of Four - India MNH - 15 Aug 1965 - Buy India Stamps - PhilaBasket.com.jpg
,,,,India,[],1,#BK99 - Everest Expedition- Block of four Stamps India MNH - 1965 -Buy India Stamp - PhilaBasket.Com.jpg.jpg
,,,,India,[],1,#BK98 - International Cooperation Year- Block of four Stamps India MNH - 1965 -Buy India Stamp - PhilaBasket.Com.jpg.jpg
,,,,India,[],1,#BK98 - International Cooperation Year - Block of Four - India MNH - 26 Jun 1965 - Buy India Stamps - PhilaBasket.com.jpg
,,,,India,[],1,#BK96 - International Telecommunication Union - Block of Four - India MNH - 17 May 1965 - Buy India Stamps - PhilaBasket.com.jpg
,,,,India,[],1,#BK95 - Abraham Lincoln- Block of four Stamps India MNH - 1965 -Buy India Stamp - PhilaBasket.Com.jpg.jpg
,,,,India,[],1,#BK95 - Abraham Lincoln - Block of Four - India MNH - 15 Apr 1965 - Buy India Stamps - PhilaBasket.com.jpg
,,,,India,[],1,#BK95 - Abraham Lincoln - Block of Four - India MNH - 15 Apr 1965 - Buy India Stamps - PhilaBasket.com (5).jpg
,,,,India,[],1,#BK95 - Abraham Lincoln - Block of Four - India MNH - 15 Apr 1965 - Buy India Stamps - PhilaBasket.com (4).jpg
,,,,India,[],1,#BK94 - National Maritime Day, Vizag - Block of Four - India MNH - 05 Apr 1965 - Buy India Stamps - PhilaBasket.com.jpg
,,,,India,[],1,#BK93 - International Chamber of Commerce- Block of four Stamps India MNH - 1965 -Buy India Stamp - PhilaBasket.Com.jpg.jpg
,,,,India,[],1,#BK90 - XXII International Geological Congress (New Delhi) - Block of Four - India MNH - 14 Dec 1964 - Buy India Stamps - PhilaBasket.com.jpg
,,,,India,[],1,#BK90 - XXII International Geological Congress (New Delhi) - Block of Four - India MNH - 14 Dec 1964 - Buy India Stamps - PhilaBasket.com (2).jpg
,,,,India,[],1,#BK90 - XXII International Geological Congress (New Delhi) - Block of Four - India MNH - 14 Dec 1964 - Buy India Stamps - PhilaBasket (2).jpg
,,,,India,[],1,#BK90 - XXII International Geological Congress (New Delhi) - Block of Four - India MNH - 14 Dec 1964 - Buy India Stamps - PhilaBasket (1).jpg
,,,,India,[],1,#BK86 - Raja Rammohan Roy - Block of Four - India MNH - 27 Sep 1964 - Buy India Stamps - PhilaBasket.com.jpg
,,,,India,[],1,#BK86 - Raja Rammmohan Roy- Block of four Stamps India MNH - 1964 -Buy India Stamp - PhilaBasket.Com.jpg.jpg
,,,,India,[],1,#BK85 - Sri Aurobindo- Block of four Stamps India MNH - 1964 -Buy India Stamp - PhilaBasket.Com.jpg.jpg
,,,,India,[],1,#BK83 - Pandit Jawaharlal Nehru - Mourning- Block of four Stamps India MNH - 1964 -Buy India Stamp - PhilaBasket.Com.jpg
,,,,India,[],1,#BK83 - Pandit Jawaharlal Nehru - Mourning- Block of four Stamps India MNH - 1964 -Buy India Stamp - PhilaBasket.com (4).jpg
,,,,India,[],1,#BK83 - Pandit Jawaharlal Nehru - Mourning- Block of four Stamps India MNH - 1964 -Buy India Stamp - PhilaBasket.com (3).jpg
,,,,India,[],1,#BK83 - Pandit Jawaharlal Nehru - Mourning- Block of four Stamps India MNH - 1964 -Buy India Stamp - PhilaBasket.Com (2).jpg
,,,,India,[],1,#BK83 - Pandit Jawaharlal Nehru - Mourning- Block of four Stamps India MNH - 1964 -Buy India Stamp - PhilaBasket (2).jpg
,,,,India,[],1,#BK83 - Pandit Jawaharlal Nehru - Mourning- Block of four Stamps India MNH - 1964 -Buy India Stamp - PhilaBasket (1).jpg
,,,,India,[],1,#BK83 - Jawaharlal Nehru 1889 - 1964 - Block of Four - India MNH - 12 Jun 1964 - Buy India Stamps - PhilaBasket.com.jpg
,,,,India,[],1,#BK79 - Netaji Subhash Chandra Bose  and INA Insignia- Block of four (Set of 2)Stamps India MNH - 1964 -Buy India Stamp - PhilaBasket.Com.jpg.jpg
,,,,India,[],1,#BK77 - Utkalmani Pandit Gopabandhu Das- Block of four Stamps India MNH - 1964 -Buy India Stamp - PhilaBasket.Com.jpg.jpg
,,,,India,[],1,#BK76 - Orientalists Congress- Block of four Stamps India MNH - 1964 -Buy India Stamp - PhilaBasket.Com.jpg.jpg
,,,,India,[],1,#BK76 - International Congress of Orientalists, New Delhi - Block of Four - India MNH - 04 Jan 1964 - Buy India Stamps - PhilaBasket.com.jpg
,,,,India,[],1,#BK76 - International Congress of Orientalists, New Delhi - Block of Four - India MNH - 04 Jan 1964 - Buy India Stamps - PhilaBasket.com (2).jpg
,,,,India,[],1,#BK75 - Declaration of Human Rights- Block of four Stamps India MNH - 1963 -Buy India Stamp - PhilaBasket.Com.jpg.jpeg
,,,,India,[],1,#BK73 - Wild Life -  (Gaur, Red Panda, Elephant, Tiger, Lion)- Block of four (Set of 5)Stamps India MNH - 1963 -Buy India Stamp - PhilaBasket.Com.jpg
,,,,India,[],1,#BK73 - Wild Life -  (Gaur, Red Panda, Elephant, Tiger, Lion)- Block of four (Set of 5)Stamps India MNH - 1963 -Buy India Stamp - PhilaBasket.Com (2).jpg
,,,,India,[],1,#BK73 - Wild Life -  (Gaur, Red Panda, Elephant, Tiger, Lion)- Block of four (Set of 5)Stamps India MNH - 1963 -Buy India Stamp - PhilaBasket.Com (1).jpg
,,,,India,[],1,#BK73 - Wild Life -  (Gaur, Red Panda, Elephant, Tiger, Lion)- Block of four (Set of 5)Stamps India MNH - 1963 -Buy India Stamp - PhilaBasket (2).jpg
,,,,India,[],1,#BK73 - Wild Life -  (Gaur, Red Panda, Elephant, Tiger, Lion)- Block of four (Set of 5)Stamps India MNH - 1963 -Buy India Stamp - PhilaBasket (1).jpg
,,,,India,[],1,#BK72 - Dr Annie Besant - Block of Four - India MNH - 01 Oct 1963 - Buy India Stamps - PhilaBasket.com.jpg
,,,,India,[],1,#BK72 - Dr Annie Besant - Block of Four - India MNH - 01 Oct 1963 - Buy India Stamps - PhilaBasket (5).jpg
,,,,India,[],1,#BK72 - Dr Annie Besant - Block of Four - India MNH - 01 Oct 1963 - Buy India Stamps - PhilaBasket (4).jpg
,,,,India,[],1,#BK72 - Dr Annie Besant - Block of Four - India MNH - 01 Oct 1963 - Buy India Stamps - PhilaBasket (3).jpg
,,,,India,[],1,#BK72 - Dr Annie Besant - Block of Four - India MNH - 01 Oct 1963 - Buy India Stamps - PhilaBasket (2).jpg
,,,,India,[],1,#BK70 - Defense Campaign - (Artillery and Helicopter, Sentry and Parachutists)- Block of four (Set of 2)Stamps India MNH - 1963 -Buy India Stamp - PhilaBasket.Com.jpg.jpg
,,,,India,[],1,#BK69 - Red Cross Centenary- Block of four Stamps India MNH - 1963 -Buy India Stamp - PhilaBasket.Com.jpg.jpg
,,,,India,[],1,#BK67 - Kalidasa (428) overprint- Block of four  India MNH - 1963 -Buy India Stamp - PhilaBasket.Com.jpg.jpg
,,,,India,[],1,#BK64 - Childrens Day 1962 - Block of Four - India MNH - 14 Nov 1962 - Buy India Stamps - PhilaBasket.com.jpg
,,,,India,[],1,#BK63 - Conserve Wild Life - Rhinoceros - Block of Four - India MNH - 01 Oct 1962 - Buy India Stamps - PhilaBasket.com.jpg
,,,,India,[],1,#BK63 - Conserve Wild Life - Rhinoceros - Block of Four - India MNH - 01 Oct 1962 - Buy India Stamps - PhilaBasket.com (3).jpg
,,,,India,[],1,#BK63 - Conserve Wild Life - Rhinoceros - Block of Four - India MNH - 01 Oct 1962 - Buy India Stamps - PhilaBasket.com (2).jpg
,,,,India,[],1,#BK62 - Wild Life - Rhinoceros- Block of four Stamps India MNH - 1962 -Buy India Stamp - PhilaBasket.Com.jpg.jpg
,,,,India,[],1,#BK60 - High Courts Centenary - (Calcutta, Madras, Bombay)- Block of four (Set of 3)Stamps India MNH - 1962 -Buy India Stamp - PhilaBasket.Com.jpg.jpg
,,,,India,[],1,#BK58 - Malaria Eradication- Block of four Stamps India MNH - 1962 -Buy India Stamp - PhilaBasket.Com.jpg.jpg
,,,,India,[],1,#BK54 - Bhikaiji cama- Block of four Stamps India MNH - 1962 -Buy India Stamp - PhilaBasket.Com.jpg.jpg
,,,,India,[],1,#BK49 - Indian Industries Fair- Block of four Stamps India MNH - 1961 -Buy India Stamp - PhilaBasket.Com.jpg.jpg
,,,,India,[],1,#BK46 - Prafulla Chandra Ray- Block of four Stamps India MNH - 1961 -Buy India Stamp - PhilaBasket.Com.jpg.jpg
,,,,India,[],1,#BK43 - Motilal Nehru- Block of four Stamps India MNH - 1961 -Buy India Stamp - PhilaBasket.Com.jpg.jpg
,,,,India,[],1,#BK41 - Shivaji - Block of Four - India MNH - 17 Apr 1961 - Buy India Stamps - PhilaBasket.com.jpg
,,,,India,[],1,#BK41 - Shivaji - Block of Four - India MNH - 17 Apr 1961 - Buy India Stamps - PhilaBasket (3).jpg
,,,,India,[],1,#BK41 - Shivaji - Block of Four - India MNH - 17 Apr 1961 - Buy India Stamps - PhilaBasket (2).jpg
,,,,India,[],1,#BK41 - Shivaji - Block of Four - India MNH - 17 Apr 1961 - Buy India Stamps - PhilaBasket (1).jpg
,,,,India,[],1,#BK41 - Shivaji - Block of Four - India MNH - 17 Apr 1961 - Buy India Stamps - PhilaBasket (1).jpeg
,,,,India,[],1,#BK41-~3.JPG
,,,,India,[],1,#BK41-~2.JPG
,,,,India,[],1,#BK41-~1.JPG
,,,,India,[],1,#BK40 - Tyagaraja- Block of four Stamps India MNH - 1961 -Buy India Stamp - PhilaBasket.Com.jpg.jpg
,,,,India,[],1,#BK40 - 50th Anniversary of First Flight official airmail Flight, Allahabad to Naini - Block of Four - India MNH - 18 Feb 1961 - Buy India Stamps - PhilaBasket.com.jpg
,,,,India,[],1,#BK40 - 50th Anniversary of First Flight official airmail Flight, Allahabad to Naini - Block of Four - India MNH - 18 Feb 1961 - Buy India Stamps - PhilaBasket.com (2).jpg
,,,,India,[],1,#BK39 - UNICEF Day- Block of four Stamps India MNH - 1960 -Buy India Stamp - PhilaBasket.Com.jpg.jpg
,,,,India,[],1,#BK37 - Dr. M. Visvesvaraya- Block of four Stamps India MNH - 1960 -Buy India Stamp - PhilaBasket.Com.jpg.jpg
,,,,India,[],1,#BK35 - Subramania Bharati - Block of Four - India MNH - 11 Sep 1960 - Buy India Stamps - PhilaBasket.com.jpg
,,,,India,[],1,#BK33 - Thiruvalluvar - Block of Four - India MNH - 15 Feb 1960 - Buy India Stamps - PhilaBasket.com.jpg
,,,,India,[],1,#BK33 - Thiruvalluvar - Block of Four - India MNH - 15 Feb 1960 - Buy India Stamps - PhilaBasket.com (2).jpg
,,,,India,[],1,#BK32 - Childrens Day- Block of four Stamps India MNH - 1959 -Buy India Stamp - PhilaBasket.Com.jpg.jpg
,,,,India,[],1,#BK31 - International Labour Organisation- Block of four Stamps India MNH - 1959 -Buy India Stamp - PhilaBasket.Com.jpg.jpg
,,,,India,[],1,#BK31 - Childrens Day - Block of Four - India MNH - 14 Nov 1959 - Buy India Stamps - PhilaBasket.com.jpg
,,,,India,[],1,#BK31 - Childrens Day - Block of Four - India MNH - 14 Nov 1959 - Buy India Stamps - PhilaBasket.com (3).jpg
,,,,India,[],1,#BK31 - Childrens Day - Block of Four - India MNH - 14 Nov 1959 - Buy India Stamps - PhilaBasket.com (2).jpg
,,,,India,[],1,#BK26 - B. C. Pal- Block of four Stamps India MNH - 1958 -Buy India Stamp - PhilaBasket.Com.jpg.jpg
,,,,India,[],1,#BK25 - IAF Silver Jubilee- Block of four (Set of 2)Stamps India MNH - 1958 -Buy India Stamp - PhilaBasket.Com.jpg.jpg
,,,,India,[],1,#BK22 - Universities Centenary - (Bombay, Calcutta , Madras)- Block of four (Set of 3)Stamps India MNH - 1957 -Buy India Stamp - PhilaBasket.Com.jpg.jpg
,,,,India,[],1,#BK21 - Childrens Day - (Boy eating banana, Girl writing on a slate, Toy Horse)- Block of four (Set of 3)Stamps India MNH - 1957 -Buy India Stamp - PhilaBasket.Com (2).jpg
,,,,India,[],1,#BK21 - Childrens Day - (Boy eating banana, Girl writing on a slate, Toy Horse)- Block of four (Set of 3)Stamps India MNH - 1957 -Buy India Stamp - PhilaBasket.Com (1).jpg
,,,,India,[],1,#BK20 - Red Cross- Block of four Stamps India MNH - 1957 -Buy India Stamp - PhilaBasket.Com.jpg.jpg
,,,,India,[],1,#BK18 - Centenary of Sepoy Mutiny, Rani of Jhansi & Leaping Flames - Block of Four - India MNH - 15 Aug 1957 - Buy India Stamps - PhilaBasket.com.jpg
,,,,India,[],1,#BK18 - Centenary of Sepoy Mutiny, Rani of Jhansi & Leaping Flames - Block of Four - India MNH - 15 Aug 1957 - Buy India Stamps - PhilaBasket.com (3).jpg
,,,,India,[],1,#BK18 - Centenary of Sepoy Mutiny, Rani of Jhansi & Leaping Flames - Block of Four - India MNH - 15 Aug 1957 - Buy India Stamps - PhilaBasket.com (2).jpg
,,,,India,[],1,#BK17 - Bal GangaDhar Tilak - Block of Four - India MNH - 23 Jul 1956 - Buy India Stamps - PhilaBasket.com.jpg
,,,,India,[],1,#BK17 - 2500 Budha Jayanthi - (Round Parasol & Bodhi Tree )- Block of four (Set of 2)Stamps India MNH - 1956 -Buy India Stamp - PhilaBasket.Com.jpg.jpg
,,,,India,[],1,#BK17 - 2500 Budha Jayanthi - (Round Parasol & Bodhi Tree )- Block of four (Set of 2)Stamps India MNH - 1956 -Buy India Stamp - PhilaBasket.com.jpg
,,,,India,[],1,#BK16 - Forestry Congress-Dehra Dun- Block of four Stamps India MNH - 1954 -Buy India Stamp - PhilaBasket.Com.jpg.jpg
,,,,India,[],1,#BK15 - United Nations Day- Block of four Stamps India MNH - 1954 -Buy India Stamp - PhilaBasket.Com.jpg.jpg
,,,,India,[],1,#BK15 - 4th World Forestry Congress, Dehradun 1954 - Block of Four - India MNH - 11 Dec 1954 - Buy India Stamps - PhilaBasket.com.jpg
,,,,India,[],1,#BK14 - United Nations Day - Block of Four - India MNH - 24 Oct 1954 - Buy India Stamps - PhilaBasket.com.jpg
,,,,India,[],1,#BK14-~1.JPG
,,,,India,[],1,#BK13 - Telegraph Centenary - Block of four (Set of 2)Stamps India MNH - 1953 -Buy India Stamp - PhilaBasket.Com.jpg.jpg
,,,,India,[],1,#BK12 - Conquest of Mount Everest - Block of four (Set of 2)Stamps India MNH - 1953 -Buy India Stamp - PhilaBasket.Com.jpg.jpg
,,,,India,[],1,#BK11 - Railway Centenary- Block of four Stamps India MNH - 1953 -Buy India Stamp - PhilaBasket.Com.jpg.jpg
,,,,India,[],1,#BK10 - Saints and poets - (Kabir, Tulsidas, MiraBai, Surdas, Mirza Galib, Rabindranath Tagore) - Block of four (Set of 6)Stamps India MNH - 1952 -Buy India Stamp - PhilaBasket.Com.jpg.jpg
,,,,India,[],1,#BK09 - Indian Saints and Poets - Kabir das, Surdas, Tulsidas, Meera, Galib, RavindraNath Tagore - Block of Four - India MNH - 01 Oct 1952 - Buy India Stamps - PhilaBasket.com.jpg
,,,,India,[],1,#BK08 - First Asian Games - Block of Four - India MNH - 04 Mar 1951 - Buy India Stamps - PhilaBasket.com.jpg
,,,,India,[],1,#BK08 - First Asian Games - Block of Four - India MNH - 04 Mar 1951 - Buy India Stamps - PhilaBasket.com (3).jpg
,,,,India,[],1,#BK08 - First Asian Games - Block of Four - India MNH - 04 Mar 1951 - Buy India Stamps - PhilaBasket.com (2).jpg
,,,,India,[],1,#BK07 - Geological Survey of India - Block of Four - India MNH - 13 Jan 1951 - Buy India Stamps - PhilaBasket.com.jpg
,,,,India,[],1,#BK07 - Geological Survey of India - Block of Four - India MNH - 13 Jan 1951 - Buy India Stamps - PhilaBasket.com (3).jpg
,,,,India,[],1,#BK07 - Geological Survey of India - Block of Four - India MNH - 13 Jan 1951 - Buy India Stamps - PhilaBasket.com (2).jpg
,,,,India,[],1,#BK06 - Inauguration of Republic of India - Block of Four - India MNH - 26 Jan 1950 - Buy India Stamps - PhilaBasket.com.jpg
,,,,India,[],1,#BK06 - Inauguration of Republic of India - Block of Four - India MNH - 26 Jan 1950 - Buy India Stamps - PhilaBasket (2).jpg
,,,,India,[],1,#BK06 - Inauguration of Republic of India - Block of Four - India MNH - 26 Jan 1950 - Buy India Stamps - PhilaBasket (1).jpg
,,,,India,[],1,#BK05 - 75th Anniversary of Universal Postal Union - Block of Four - India MNH - 10 Oct 1949 - Buy India Stamps - PhilaBasket.com.jpg
,,,,India,[],1,#BK05 - 75th Anniversary of Universal Postal Union - Block of Four - India MNH - 10 Oct 1949 - Buy India Stamps - PhilaBasket.com (2).jpg
,,,,India,[],1,#BK04 - First Anniversary of Independence, Mahatma Gandhi Mourning Issue - Block of Four - India MNH - 15 Aug 1948 - Buy India Stamps - PhilaBasket (11).jpg
,,,,India,[],1,#BK04 - First Anniversary of Independence, Mahatma Gandhi Mourning Issue - Block of Four - India MNH - 15 Aug 1948 - Buy India Stamps - PhilaBasket (10).jpg
,,,,India,[],1,#BK04 - First Anniversary of Independence, Mahatma Gandhi Mourning Issue - Block of Four - India MNH - 15 Aug 1948 - Buy India Stamps - PhilaBasket (9).jpg
,,,,India,[],1,#BK04 - First Anniversary of Independence, Mahatma Gandhi Mourning Issue - Block of Four - India MNH - 15 Aug 1948 - Buy India Stamps - PhilaBasket (8).jpg
,,,,India,[],1,#BK04 - First Anniversary of Independence, Mahatma Gandhi Mourning Issue - Block of Four - India MNH - 15 Aug 1948 - Buy India Stamps - PhilaBasket (7).jpg
,,,,India,[],1,#BK04 - First Anniversary of Independence, Mahatma Gandhi Mourning Issue - Block of Four - India MNH - 15 Aug 1948 - Buy India Stamps - PhilaBasket (6).jpg
,,,,India,[],1,#BK04 - First Anniversary of Independence, Mahatma Gandhi Mourning Issue - Block of Four - India MNH - 15 Aug 1948 - Buy India Stamps - PhilaBasket (5).jpg
,,,,India,[],1,#BK04 - First Anniversary of Independence, Mahatma Gandhi Mourning Issue - Block of Four - India MNH - 15 Aug 1948 - Buy India Stamps - PhilaBasket (4).jpg
,,,,India,[],1,#BK04 - First Anniversary of Independence, Mahatma Gandhi Mourning Issue - Block of Four - India MNH - 15 Aug 1948 - Buy India Stamps - PhilaBasket (3).jpg
,,,,India,[],1,#BK04 - First Anniversary of Independence, Mahatma Gandhi Mourning Issue - Block of Four - India MNH - 15 Aug 1948 - Buy India Stamps - PhilaBasket (2).jpg
,,,,India,[],1,#BK04 - First Anniversary of Independence, Mahatma Gandhi Mourning Issue - Block of Four - India MNH - 15 Aug 1948 - Buy India Stamps - PhilaBasket (1).jpg
,,,,India,[],1,#BK03 - Inauguration of Air India International - UK Air Service - Block of Four - India MNH - 29 May 1948 - Buy India Stamps - PhilaBasket.com.jpg
,,,,India,[],1,#BK03 - Inauguration of Air India International - UK Air Service - Block of Four - India MNH - 29 May 1948 - Buy India Stamps - PhilaBasket.com (2).jpg
,,,,India,[],1,#BK02 - National Flag - Indian Independence - Block of Four - India MNH - 15 Dec 1947 - Buy India Stamps - PhilaBasket.com.jpg
,,,,India,[],1,#BK02 - National Flag - Indian Independence - Block of Four - India MNH -  15 Dec 1947 - Buy India Stamps - PhilaBasket.com.jpg
,,,,India,[],1,#BK01 - Jay Hind - Indian Independence - Block of Four - India MNH - 21 Nov 1947 - Buy India Stamps - PhilaBasket (1).jpg
,,,,India,[],1,stripe_logo.png
,,,,India,[],1,mem.png
,,,,India,[],1,main04.png
,,,,India,[],1,main03.png
,,,,India,[],1,main02.png
,,,,India,[],1,main01.png
,,,,India,[],1,bal69.jpeg
,,,,India,[],1,bal.jpg
,,,,India,[],1,120px-Bankim_Chandra_Chatterjee_1969_stamp_of_India.jpg